fixed acidity,volatile acidity,sulphates,alcohol,target,sulfate_to_chloride_ratio
7.4,0.7,0.56,9.4,5,0.5204460966542751
7.8,0.88,0.68,9.8,5,0.6193078324225865
7.8,0.76,0.65,9.8,5,0.5952380952380952
11.2,0.28,0.58,9.8,6,0.5395348837209302
7.4,0.7,0.56,9.4,5,0.5204460966542751
7.4,0.66,0.56,9.4,5,0.5209302325581396
7.9,0.6,0.46,9.4,5,0.4303086997193639
7.3,0.65,0.47,10.0,7,0.4413145539906103
7.8,0.58,0.57,9.5,7,0.5312208760484622
7.5,0.5,0.8,10.5,5,0.7469654528478059
6.7,0.58,0.54,9.2,5,0.4922515952597995
7.5,0.5,0.8,10.5,5,0.7469654528478059
5.6,0.615,0.52,9.9,5,0.4775022956841139
7.8,0.61,1.56,9.1,5,1.400359066427289
8.9,0.62,0.88,9.2,5,0.7482993197278912
8.9,0.62,0.93,9.2,5,0.7948717948717949
8.5,0.28,0.75,10.5,7,0.6868131868131868
8.1,0.56,1.28,9.3,5,0.9356725146198831
7.4,0.59,0.5,9.0,4,0.4604051565377532
7.9,0.32,1.08,9.2,6,0.8053691275167786
8.9,0.22,0.53,9.4,6,0.4921077065923863
7.6,0.39,0.65,9.7,5,0.6007393715341959
7.9,0.43,0.91,9.5,5,0.8227848101265822
8.5,0.49,0.53,9.4,5,0.488929889298893
6.9,0.4,0.63,9.7,6,0.5806451612903226
6.3,0.39,0.56,9.3,5,0.5185185185185185
7.6,0.41,0.59,9.5,5,0.5462962962962963
7.9,0.43,0.91,9.5,5,0.8227848101265822
7.1,0.71,0.55,9.4,5,0.5092592592592593
7.8,0.645,0.59,9.8,6,0.5452865064695008
6.7,0.675,0.54,10.1,5,0.4958677685950414
6.9,0.685,0.57,10.6,6,0.5158371040723981
8.3,0.655,0.66,9.8,5,0.6094182825484765
6.9,0.605,0.52,9.4,6,0.4846225535880709
5.2,0.32,0.55,9.2,5,0.49864007252946513
7.8,0.645,0.55,9.6,6,0.5064456721915286
7.8,0.6,0.6,10.8,6,0.5524861878453038
8.1,0.38,0.73,9.7,7,0.6848030018761726
5.7,1.13,0.48,9.8,4,0.40955631399317405
7.3,0.45,0.83,10.5,5,0.7728119180633146
7.3,0.45,0.83,10.5,5,0.7728119180633146
8.8,0.61,0.51,9.3,4,0.46875
7.5,0.49,0.9,10.5,6,0.6756756756756757
8.1,0.66,1.2,10.3,5,1.1225444340505144
6.8,0.67,0.52,9.5,5,0.49523809523809526
4.6,0.52,0.56,13.1,4,0.5313092979127135
7.7,0.935,0.73,9.2,5,0.6552962298025133
8.7,0.29,0.58,9.5,5,0.5211141060197664
6.4,0.4,0.56,9.2,5,0.525328330206379
5.6,0.31,0.58,9.2,5,0.5400372439478583
8.8,0.66,0.74,9.2,5,0.6890130353817504
6.6,0.52,0.63,9.4,6,0.5893358278765202
6.6,0.5,0.64,9.4,6,0.599250936329588
8.6,0.38,0.56,9.4,5,0.5180388529139686
7.6,0.51,0.63,10.2,6,0.5675675675675675
7.7,0.62,0.53,9.5,5,0.488929889298893
10.2,0.42,0.63,9.6,5,0.5887850467289719
7.5,0.63,0.77,9.4,5,0.6930693069306931
7.8,0.59,0.59,10.0,5,0.5483271375464683
7.3,0.39,0.54,9.4,6,0.5027932960893855
8.8,0.4,0.64,9.2,5,0.5931417979610751
7.7,0.69,0.71,9.3,5,0.6367713004484304
7.5,0.52,0.62,9.5,7,0.5714285714285714
7.0,0.735,0.57,9.8,5,0.5272895467160037
7.2,0.725,0.39,10.9,5,0.3591160220994475
7.2,0.725,0.39,10.9,5,0.3591160220994475
7.5,0.52,0.58,9.6,5,0.5375347544022243
6.6,0.705,0.58,10.7,5,0.5390334572490706
9.3,0.32,0.79,10.7,5,0.7355679702048417
8.0,0.705,0.95,10.5,6,0.8845437616387336
7.7,0.63,0.54,9.5,6,0.5018587360594795
7.7,0.67,0.48,9.5,5,0.4411764705882352
7.7,0.69,0.48,9.5,5,0.4428044280442804
8.3,0.675,0.53,9.2,4,0.488929889298893
9.7,0.32,0.82,9.6,5,0.749542961608775
8.8,0.41,0.66,10.5,5,0.6038426349496798
8.8,0.41,0.66,10.5,5,0.6038426349496798
6.8,0.785,0.55,10.7,6,0.49818840579710144
6.7,0.75,0.52,10.1,5,0.47882136279926335
8.3,0.625,1.12,9.1,4,1.037037037037037
6.2,0.45,0.56,9.2,5,0.5238540692235735
7.8,0.43,1.28,9.4,5,0.8743169398907105
7.4,0.5,0.57,9.1,5,0.5248618784530386
7.3,0.67,1.14,9.4,5,0.8137044967880085
6.3,0.3,0.78,10.3,6,0.7296538821328344
6.9,0.55,0.59,10.1,5,0.5483271375464683
8.6,0.49,1.95,9.9,6,1.7567567567567566
7.7,0.49,0.64,9.6,5,0.6026365348399246
9.3,0.39,1.22,9.5,5,1.1020776874435412
7.0,0.62,0.53,9.0,5,0.49256505576208176
7.9,0.52,0.54,9.5,5,0.5004633920296572
8.6,0.49,1.95,9.9,6,1.7567567567567566
8.6,0.49,1.98,9.8,5,1.7837837837837835
7.7,0.49,0.64,9.6,5,0.6026365348399246
5.0,1.02,0.48,10.5,4,0.45933014354066987
4.7,0.6,0.6,12.9,6,0.5671077504725898
6.8,0.775,0.56,10.7,5,0.5081669691470054
7.0,0.5,0.63,9.2,5,0.5887850467289719
7.6,0.9,0.56,9.8,5,0.5189990732159407
8.1,0.545,0.59,9.0,6,0.5462962962962963
8.3,0.61,0.61,10.2,6,0.562730627306273
7.8,0.5,0.56,10.4,6,0.5209302325581396
8.1,0.545,0.59,9.0,6,0.5462962962962963
8.1,0.575,0.51,9.2,5,0.4735376044568245
7.2,0.49,0.48,9.4,5,0.44859813084112143
8.1,0.575,0.51,9.2,5,0.4735376044568245
7.8,0.41,1.31,9.3,5,0.8929788684389911
6.2,0.63,0.79,9.3,5,0.7261029411764706
8.0,0.33,0.8,9.6,6,0.7332722273143906
8.1,0.785,0.69,9.3,5,0.6149732620320856
7.8,0.56,0.93,9.5,5,0.842391304347826
8.4,0.62,0.66,9.8,5,0.6088560885608856
8.4,0.6,0.66,9.8,5,0.6082949308755761
10.1,0.31,0.67,9.7,6,0.6203703703703703
7.8,0.56,0.93,9.5,5,0.842391304347826
9.4,0.4,0.63,10.5,6,0.5779816513761468
8.3,0.54,0.61,10.0,6,0.5663881151346333
7.8,0.56,0.5,9.4,6,0.4621072088724584
8.8,0.55,0.6,10.9,6,0.5361930294906166
7.0,0.69,0.54,9.2,6,0.4922515952597995
7.3,1.07,0.57,9.0,5,0.48387096774193544
8.8,0.55,0.6,10.9,6,0.5361930294906166
7.3,0.695,0.52,9.2,5,0.4837209302325582
8.0,0.71,0.53,9.5,5,0.49074074074074076
7.8,0.5,0.48,9.5,5,0.44362292051756
9.0,0.62,0.7,9.4,5,0.6108202443280978
8.2,1.33,0.49,10.9,5,0.4532839962997225
8.1,1.33,0.48,10.9,5,0.44362292051756
8.0,0.59,0.92,10.5,7,0.863849765258216
6.1,0.38,0.57,9.4,5,0.5317164179104477
8.0,0.745,0.66,9.4,5,0.5903398926654742
5.6,0.5,0.63,13.0,5,0.6005719733079123
5.6,0.5,0.63,13.0,5,0.6005719733079123
6.6,0.5,0.58,9.8,6,0.5471698113207547
7.9,1.04,0.55,9.9,6,0.507380073800738
8.4,0.745,0.82,9.6,5,0.7522935779816513
8.3,0.715,0.77,9.5,5,0.7070707070707071
7.2,0.415,0.64,9.2,5,0.5920444033302498
7.8,0.56,0.54,9.5,5,0.4995374653098983
7.8,0.56,0.54,9.5,5,0.4995374653098983
8.4,0.745,0.82,9.6,5,0.7522935779816513
8.3,0.715,0.77,9.5,5,0.7070707070707071
5.2,0.34,0.79,14.0,6,0.7523809523809524
6.3,0.39,0.58,9.4,5,0.5440900562851781
5.2,0.34,0.79,14.0,6,0.7523809523809524
8.1,0.67,0.62,9.4,5,0.5550581915846016
5.8,0.68,0.52,10.0,5,0.4783808647654094
7.6,0.49,0.8,9.3,5,0.6472491909385114
6.9,0.49,0.58,10.2,6,0.5400372439478583
8.2,0.4,0.61,10.5,6,0.5601469237832875
7.3,0.33,0.53,10.3,6,0.4921077065923863
9.2,0.52,2.0,9.4,4,1.2422360248447206
7.5,0.6,0.54,10.1,5,0.4931506849315069
7.5,0.6,0.54,10.1,5,0.4931506849315069
7.1,0.43,0.72,10.5,5,0.6728971962616822
7.1,0.43,0.71,10.5,5,0.6629318394024276
7.1,0.43,0.72,10.5,5,0.6728971962616822
7.1,0.43,0.71,10.5,5,0.6629318394024276
7.1,0.68,0.5,9.3,5,0.4659832246039143
6.8,0.6,0.57,9.3,6,0.5282669138090824
7.6,0.95,0.56,9.6,5,0.5137614678899083
7.6,0.68,1.08,9.2,4,1.007462686567164
7.8,0.53,0.56,10.0,6,0.5204460966542751
7.4,0.6,0.49,9.4,5,0.4579439252336448
7.3,0.59,0.49,9.4,5,0.4579439252336448
7.8,0.63,0.62,9.5,5,0.5636363636363636
6.8,0.64,0.52,10.2,5,0.47926267281105994
7.3,0.55,0.48,9.0,4,0.4477611940298507
6.8,0.63,0.55,10.4,6,0.5050505050505051
7.5,0.705,1.59,9.5,5,1.1691176470588236
7.9,0.885,0.33,9.1,4,0.31190926275992437
8.0,0.42,0.61,9.2,6,0.5684995340167754
8.0,0.42,0.61,9.2,6,0.5684995340167754
7.4,0.62,0.57,11.5,6,0.5337078651685393
7.3,0.38,0.47,9.5,5,0.4351851851851851
6.9,0.5,0.78,9.5,5,0.7188940092165899
7.3,0.38,0.47,9.5,5,0.4351851851851851
7.5,0.52,0.61,10.5,6,0.5611775528978841
7.0,0.805,0.56,9.6,5,0.5243445692883896
8.8,0.61,0.59,9.5,5,0.5529522024367385
8.8,0.61,0.59,9.5,5,0.5529522024367385
8.9,0.61,1.02,9.3,5,0.8031496062992126
7.2,0.73,0.52,9.3,5,0.483271375464684
6.8,0.61,0.58,9.3,5,0.5385329619312906
6.7,0.62,0.58,9.3,6,0.5375347544022243
8.9,0.31,0.53,9.7,5,0.4770477047704771
7.4,0.39,0.55,9.2,5,0.5083179297597042
7.7,0.705,0.49,9.7,5,0.45202952029520294
7.9,0.5,0.55,9.5,5,0.507380073800738
7.9,0.49,0.55,9.5,5,0.5083179297597042
8.2,0.5,0.62,9.4,5,0.5756731662024142
6.4,0.37,0.62,9.8,6,0.5772811918063314
6.8,0.63,0.61,9.5,5,0.5550500454959054
7.6,0.55,0.55,9.7,5,0.5135387488328665
7.6,0.55,0.55,9.7,5,0.5135387488328665
7.8,0.59,0.54,9.4,5,0.5027932960893855
7.3,0.58,0.59,10.2,5,0.5493482309124766
11.5,0.3,0.97,10.1,6,0.9090909090909091
5.4,0.835,0.85,13.0,7,0.8126195028680688
6.9,1.09,0.43,11.4,4,0.4052780395852969
9.6,0.32,0.82,10.3,7,0.7765151515151514
8.8,0.37,1.03,9.3,5,0.9389243391066545
6.8,0.5,0.79,9.5,5,0.7348837209302326
7.0,0.42,0.55,9.2,5,0.5055147058823529
7.0,0.43,0.56,9.2,6,0.5142332415059688
12.8,0.3,0.77,10.8,7,0.7031963470319635
12.8,0.3,0.77,10.8,7,0.7031963470319635
7.8,0.57,0.53,9.3,5,0.4957904583723106
7.8,0.44,0.67,9.4,5,0.6090909090909091
11.0,0.3,0.88,10.5,7,0.8349146110056925
9.7,0.53,0.86,12.4,6,0.8277189605389799
8.0,0.725,0.56,10.0,6,0.5170821791320407
11.6,0.44,0.67,10.2,6,0.6326723323890463
8.2,0.57,0.43,10.1,5,0.40566037735849053
7.8,0.735,0.71,9.8,6,0.6501831501831501
7.0,0.49,0.76,10.5,5,0.7169811320754716
8.7,0.625,0.57,11.0,5,0.5177111716621253
8.1,0.725,0.55,9.1,5,0.5130597014925373
7.5,0.49,0.54,9.7,5,0.5018587360594795
7.8,0.53,0.6,9.5,5,0.5555555555555555
7.8,0.34,0.59,9.4,6,0.5452865064695008
7.4,0.53,0.57,9.4,5,0.5177111716621253
6.8,0.61,0.6,9.5,5,0.5676442762535477
8.6,0.645,0.6,10.0,6,0.554016620498615
8.4,0.635,0.57,10.4,4,0.5234159779614325
7.7,0.43,0.58,10.5,6,0.5405405405405406
8.9,0.59,1.61,9.5,6,1.2041884816753927
9.0,0.82,0.63,9.8,5,0.578512396694215
7.7,0.43,0.58,10.5,6,0.5405405405405406
6.9,0.52,0.5,11.0,5,0.46253469010175763
5.2,0.48,0.62,12.2,7,0.5882352941176471
8.0,0.38,0.52,9.9,6,0.4823747680890538
8.5,0.37,0.7,9.6,6,0.6422018348623852
6.9,0.52,0.5,11.0,5,0.46253469010175763
8.2,1.0,0.55,9.0,6,0.5164319248826291
7.2,0.63,0.58,9.0,6,0.5287146763901549
7.2,0.63,0.58,9.0,6,0.5287146763901549
7.2,0.645,0.58,9.2,6,0.5287146763901549
7.2,0.63,0.58,9.0,6,0.5287146763901549
8.2,1.0,0.55,9.0,6,0.5164319248826291
8.9,0.635,1.09,9.3,5,0.8630245447347586
12.0,0.38,0.71,10.9,6,0.6495882891125343
7.7,0.58,0.49,9.8,6,0.4446460980036297
15.0,0.21,0.84,9.2,7,0.7813953488372093
15.0,0.21,0.84,9.2,7,0.7813953488372093
7.3,0.66,0.96,9.9,6,0.8856088560885608
7.1,0.68,0.52,9.5,5,0.4837209302325582
8.2,0.6,0.45,9.3,5,0.41977611940298504
7.7,0.53,0.48,9.8,6,0.44692737430167595
7.3,0.66,0.96,9.9,6,0.8856088560885608
10.8,0.32,0.78,10.0,6,0.7337723424270932
7.1,0.6,0.7,9.9,6,0.6517690875232773
11.1,0.35,0.53,10.5,5,0.4862385321100917
7.7,0.775,0.59,9.5,5,0.5402930402930403
7.1,0.6,0.7,9.9,6,0.6517690875232773
8.0,0.57,0.57,9.3,5,0.5312208760484622
9.4,0.34,0.62,9.2,5,0.5767441860465117
6.6,0.695,0.67,9.2,5,0.6232558139534884
7.7,0.41,1.26,9.4,5,0.782122905027933
10.0,0.31,0.8,10.5,7,0.7373271889400922
7.9,0.33,0.65,9.3,5,0.6035283194057568
7.0,0.975,0.6,9.4,4,0.5519779208831647
8.0,0.52,0.57,10.0,5,0.5327102803738317
7.9,0.37,0.67,9.3,5,0.6220984215413186
12.5,0.56,0.87,10.9,5,0.8176691729323308
11.8,0.26,0.72,10.2,7,0.6722689075630253
8.1,0.87,0.72,9.8,4,0.656934306569343
7.9,0.35,0.86,12.8,8,0.797773654916512
6.9,0.54,0.91,9.4,6,0.8449396471680595
11.5,0.18,0.97,10.1,6,0.878623188405797
7.9,0.545,0.67,10.7,6,0.6163753449862006
11.5,0.18,0.97,10.1,6,0.878623188405797
10.9,0.37,0.78,10.1,5,0.7282913165266107
8.4,0.715,0.64,9.4,5,0.5947955390334573
7.5,0.65,0.77,9.4,5,0.707720588235294
7.9,0.545,0.67,10.7,6,0.6163753449862006
6.9,0.54,0.91,9.4,6,0.8449396471680595
11.5,0.18,0.97,10.1,6,0.878623188405797
10.3,0.32,0.82,12.6,8,0.7642124883504193
8.9,0.4,0.77,10.5,7,0.7083716651333947
11.4,0.26,0.82,9.3,6,0.7656395891690009
7.7,0.27,1.08,9.9,7,0.7952871870397643
7.6,0.52,0.57,9.1,5,0.5342080599812559
8.9,0.4,0.77,10.5,7,0.7083716651333947
9.9,0.59,0.71,9.8,5,0.6442831215970961
9.9,0.59,0.71,9.8,5,0.6442831215970961
12.0,0.45,0.76,10.3,6,0.7082945013979497
7.5,0.4,0.7,10.3,6,0.641025641025641
8.7,0.52,0.86,10.6,7,0.7882676443629698
11.6,0.42,0.95,9.2,5,0.8597285067873303
8.7,0.52,0.86,10.6,7,0.7882676443629698
11.0,0.2,0.71,10.5,5,0.5286671630677587
10.4,0.55,0.64,10.3,6,0.5866177818515124
6.9,0.36,0.6,10.1,6,0.5464480874316939
13.3,0.34,0.81,9.5,6,0.7404021937842779
10.8,0.5,0.64,9.5,5,0.5964585274930103
10.6,0.83,0.52,9.9,5,0.47882136279926335
7.1,0.63,0.73,9.6,5,0.6740535549399815
7.2,0.65,0.8,9.7,5,0.7312614259597806
6.9,0.67,0.71,9.6,5,0.6574074074074073
7.5,0.53,0.59,10.7,6,0.5432780847145487
11.1,0.18,0.64,10.1,6,0.599250936329588
8.3,0.705,0.72,10.0,5,0.6593406593406592
7.4,0.67,0.54,9.5,5,0.4553119730185498
8.4,0.65,0.52,9.2,5,0.4676258992805755
10.3,0.53,0.59,9.3,6,0.555032925682032
7.6,0.62,0.52,9.4,5,0.4805914972273567
10.3,0.41,0.62,9.5,6,0.5111294311624072
10.3,0.43,0.63,9.5,6,0.5189456342668863
7.4,0.29,0.53,9.5,6,0.4990583804143126
10.3,0.53,0.59,9.3,6,0.555032925682032
7.9,0.53,0.54,9.4,6,0.503731343283582
9.0,0.46,0.63,9.5,6,0.576395242451967
8.6,0.47,0.53,9.4,5,0.49256505576208176
7.4,0.36,0.68,11.0,5,0.62557497700092
7.1,0.35,0.65,11.0,6,0.593065693430657
9.6,0.56,0.65,10.1,5,0.5898366606170599
9.6,0.77,0.64,10.4,6,0.5914972273567467
9.8,0.66,0.71,11.5,7,0.6555863342566943
9.6,0.77,0.64,10.4,6,0.5914972273567467
9.8,0.66,0.71,11.5,7,0.6555863342566943
9.3,0.61,0.62,9.7,5,0.5688073394495412
7.8,0.62,0.63,9.3,5,0.5838739573679333
10.3,0.59,0.7,9.5,6,0.6422018348623852
10.0,0.49,0.69,9.2,6,0.6442577030812324
10.0,0.49,0.69,9.2,6,0.6442577030812324
11.6,0.53,0.74,11.5,7,0.6601248884924175
10.3,0.44,0.83,11.5,5,0.7497741644083107
13.4,0.27,0.67,9.7,6,0.6192236598890942
10.7,0.46,0.62,9.5,5,0.58435438265787
10.2,0.36,0.66,12.5,6,0.5882352941176472
10.2,0.36,0.66,12.5,6,0.5882352941176472
8.0,0.58,0.54,9.4,6,0.5065666041275797
8.4,0.56,0.52,11.0,5,0.4705882352941177
7.9,0.65,0.74,11.7,7,0.686456400742115
11.9,0.695,0.84,12.2,7,0.7446808510638296
8.9,0.43,0.7,12.5,6,0.6653992395437262
7.8,0.43,0.64,10.3,5,0.5925925925925926
12.4,0.49,1.0,11.5,6,0.9066183136899365
12.5,0.28,1.36,9.8,7,1.2569316081330868
12.2,0.34,1.18,9.2,6,1.1069418386491556
10.6,0.42,0.87,11.3,6,0.8169014084507042
10.9,0.39,0.75,9.8,6,0.670840787119857
10.9,0.39,0.75,9.8,6,0.670840787119857
11.9,0.57,0.78,10.7,6,0.7208872458410351
7.0,0.685,0.81,9.9,5,0.7591377694470479
6.6,0.815,0.89,12.3,7,0.8302238805970149
13.8,0.49,0.93,12.0,6,0.8508691674290944
9.6,0.56,0.92,10.0,6,0.844811753902663
9.1,0.785,0.86,9.4,6,0.786825251601098
10.7,0.67,0.98,9.9,6,0.8852755194218609
9.1,0.795,0.83,9.4,6,0.7572992700729926
7.7,0.665,0.73,9.3,5,0.6697247706422018
13.5,0.53,0.77,13.0,5,0.6875
6.1,0.21,0.59,11.9,6,0.5534709193245778
6.7,0.75,0.61,12.8,6,0.5658627087198516
11.5,0.41,0.88,11.0,5,0.8148148148148148
10.5,0.42,0.75,11.7,7,0.6720430107526881
11.9,0.43,0.85,10.4,7,0.7664562669071235
12.6,0.38,0.68,9.8,6,0.625
8.2,0.7,0.7,9.4,5,0.6369426751592356
8.6,0.45,0.91,9.9,6,0.8379373848987108
11.9,0.58,0.56,10.0,5,0.5223880597014926
12.5,0.46,0.87,10.2,5,0.8123249299719888
12.8,0.615,0.73,10.0,7,0.6740535549399815
10.0,0.42,0.93,11.8,6,0.8401084010840109
12.8,0.615,0.73,10.0,7,0.6740535549399815
10.4,0.575,0.69,9.0,5,0.641263940520446
10.3,0.34,0.64,9.4,5,0.5522001725625539
9.4,0.27,1.13,12.0,7,1.0521415270018621
6.9,0.765,0.78,9.9,5,0.7337723424270932
7.9,0.24,0.87,8.7,6,0.8238636363636364
9.1,0.28,1.04,10.6,6,0.9746954076850984
7.4,0.55,0.63,9.2,5,0.5696202531645569
14.0,0.41,0.81,10.8,6,0.7438016528925621
11.5,0.54,0.83,11.8,7,0.7384341637010675
11.5,0.45,1.11,11.0,6,1.0296846011131726
9.4,0.27,1.13,12.0,7,1.0521415270018621
11.4,0.625,0.99,13.3,6,0.9099264705882352
8.3,0.42,0.7,10.8,6,0.639853747714808
8.3,0.26,0.8,9.4,6,0.7407407407407407
13.7,0.415,0.8,10.0,6,0.7373271889400922
8.3,0.26,0.8,9.4,6,0.7407407407407407
8.3,0.26,0.8,9.4,6,0.7407407407407407
7.7,0.51,0.74,9.2,5,0.6807727690892365
7.4,0.63,0.76,9.7,6,0.6972477064220183
7.8,0.54,0.74,9.2,6,0.6801470588235293
8.3,0.66,0.54,9.6,6,0.5004633920296572
7.8,0.46,0.74,9.2,6,0.6801470588235293
9.6,0.38,0.7,10.0,7,0.6386861313868613
5.6,0.85,0.82,12.9,8,0.784688995215311
13.7,0.415,0.8,10.0,6,0.7373271889400922
9.5,0.37,0.51,9.5,5,0.47134935304990755
8.4,0.665,0.54,9.1,5,0.4856115107913669
12.7,0.6,0.57,9.9,5,0.5362182502351834
12.0,0.37,0.6,13.0,7,0.5628517823639775
6.6,0.735,0.53,9.9,5,0.47237076648841364
11.5,0.59,0.65,11.0,6,0.5979760809567618
11.5,0.59,0.65,11.0,6,0.5979760809567618
8.7,0.765,0.55,9.4,5,0.5169172932330828
6.6,0.735,0.53,9.9,5,0.47237076648841364
7.7,0.26,0.47,10.8,6,0.4438149197355996
12.2,0.48,0.61,10.5,6,0.5622119815668203
11.4,0.6,0.63,10.5,6,0.5806451612903226
7.7,0.69,0.61,9.1,5,0.5674418604651162
8.7,0.31,0.76,10.1,6,0.7176581680830973
9.8,0.44,0.65,10.8,6,0.6114769520225777
12.0,0.39,0.63,10.8,7,0.576395242451967
10.4,0.34,0.7,11.3,6,0.596252129471891
12.5,0.46,0.57,9.6,4,0.5327102803738317
9.0,0.43,0.62,9.5,6,0.5740740740740741
9.1,0.45,0.62,9.5,5,0.5740740740740741
7.1,0.735,0.64,9.3,5,0.5818181818181818
9.9,0.4,0.82,11.7,7,0.747493163172288
8.8,0.52,0.61,9.5,5,0.5611775528978841
8.6,0.725,1.07,9.3,5,0.9579230080572964
10.6,0.48,0.66,11.7,6,0.5940594059405941
7.0,0.58,0.48,10.5,5,0.4399633363886343
11.9,0.38,0.76,10.4,6,0.6779661016949152
6.8,0.77,0.68,9.9,5,0.6378986866791745
9.5,0.56,0.73,11.8,7,0.6703397612488522
6.6,0.84,0.56,12.3,7,0.5288007554296507
7.7,0.96,0.44,10.9,5,0.42024832855778416
10.5,0.24,0.9,11.0,7,0.8442776735459662
7.7,0.96,0.44,10.9,5,0.42024832855778416
6.6,0.84,0.56,12.3,7,0.5288007554296507
6.4,0.67,0.49,11.4,6,0.4688995215311005
9.5,0.78,0.56,10.6,6,0.519962859795729
9.1,0.52,0.6,9.3,5,0.5607476635514018
12.8,0.84,0.6,10.4,6,0.551470588235294
10.5,0.24,0.9,11.0,7,0.8442776735459662
7.8,0.55,0.56,9.2,5,0.521415270018622
11.9,0.37,0.65,12.8,6,0.6029684601113172
12.3,0.39,0.49,9.5,5,0.44912923923006415
10.4,0.41,0.89,9.9,6,0.8271375464684014
12.3,0.39,0.49,9.5,5,0.44912923923006415
8.0,0.67,0.56,10.2,6,0.5283018867924528
11.1,0.45,0.66,11.2,6,0.6191369606003753
10.4,0.41,0.89,9.9,6,0.8271375464684014
7.0,0.62,0.6,9.3,5,0.5649717514124293
12.6,0.31,0.82,9.8,8,0.7649253731343283
11.9,0.4,0.68,11.3,6,0.6367041198501873
15.6,0.685,0.68,11.2,7,0.6181818181818182
10.0,0.44,0.63,11.6,7,0.584958217270195
5.3,0.57,0.84,12.5,7,0.7969639468690701
9.5,0.735,0.56,10.1,6,0.5189990732159407
12.5,0.38,0.73,10.5,5,0.6753006475485661
9.3,0.48,0.72,11.2,5,0.6388642413487133
8.6,0.53,0.56,10.2,6,0.5090909090909091
11.9,0.39,0.61,10.8,6,0.5570776255707762
11.9,0.39,0.61,10.8,6,0.5570776255707762
8.4,0.37,1.06,9.1,6,0.7501769285208776
6.8,0.56,0.63,10.0,6,0.5811808118081181
10.4,0.33,0.74,11.2,7,0.6826568265682657
7.0,0.23,0.63,11.1,5,0.5926622765757291
11.3,0.62,0.69,13.4,8,0.6353591160220994
8.9,0.59,0.58,10.3,5,0.5296803652968036
9.2,0.63,0.58,9.6,5,0.5287146763901549
10.4,0.33,0.74,11.2,7,0.6826568265682657
11.6,0.58,0.57,9.0,3,0.5307262569832402
9.2,0.43,0.61,11.3,6,0.5632502308402586
8.3,0.615,0.61,9.3,5,0.5611775528978841
11.0,0.26,0.61,11.8,5,0.5622119815668203
8.1,0.66,0.53,9.0,5,0.482695810564663
11.5,0.315,0.7,9.2,6,0.6457564575645756
10.0,0.29,0.91,9.7,5,0.8287795992714025
10.3,0.5,0.72,11.5,6,0.6735266604303087
8.8,0.46,0.79,14.0,6,0.7417840375586855
11.4,0.36,0.62,9.2,6,0.5688073394495412
8.7,0.82,0.58,9.8,5,0.5420560747663551
13.0,0.32,0.61,10.6,5,0.5580969807868252
9.6,0.54,0.71,11.4,6,0.6567992599444958
12.5,0.37,0.82,10.4,6,0.7571560480147738
9.9,0.35,0.79,10.6,5,0.743879472693032
10.5,0.28,0.89,9.4,6,0.8240740740740741
9.6,0.68,0.6,10.2,5,0.5519779208831647
9.3,0.27,0.7,9.7,5,0.6416131989000916
10.4,0.24,1.06,11.0,6,0.986046511627907
9.6,0.68,0.6,10.2,5,0.5519779208831647
9.4,0.685,0.7,10.1,6,0.6499535747446611
10.6,0.28,0.66,9.2,5,0.617399438727783
9.4,0.3,0.92,11.7,8,0.8518518518518519
10.6,0.36,1.05,9.4,5,0.9114583333333335
10.6,0.36,1.06,9.4,5,0.920138888888889
10.6,0.44,0.66,13.4,6,0.59245960502693
10.2,0.67,0.47,10.0,5,0.44592030360531304
10.2,0.67,0.47,10.0,5,0.44592030360531304
10.2,0.645,0.42,10.0,6,0.39886039886039887
11.6,0.32,0.92,10.8,7,0.8510638297872342
9.3,0.39,0.75,10.2,6,0.6989748369058714
9.3,0.775,0.67,10.6,6,0.62152133580705
9.2,0.41,0.79,13.3,7,0.7488151658767773
8.9,0.4,0.9,13.4,7,0.8555133079847909
8.7,0.69,0.74,11.6,6,0.6813996316758747
6.5,0.39,0.55,12.1,6,0.5233111322549954
10.7,0.35,0.65,11.0,8,0.6074766355140186
7.8,0.52,0.65,9.0,6,0.601295097132285
7.2,0.34,0.79,11.1,5,0.7247706422018348
10.7,0.35,0.65,11.0,8,0.6074766355140186
8.7,0.69,0.74,11.6,6,0.6813996316758747
7.8,0.52,0.65,9.0,6,0.601295097132285
10.4,0.44,0.85,12.0,7,0.7914338919925511
10.4,0.44,0.85,12.0,7,0.7914338919925511
10.5,0.26,1.04,10.9,7,0.9647495361781075
10.5,0.24,1.05,10.8,7,0.9749303621169917
10.2,0.49,0.78,12.5,7,0.7276119402985074
10.4,0.24,1.02,10.8,7,0.9488372093023256
11.2,0.67,0.71,9.5,6,0.654981549815498
10.0,0.59,0.63,10.2,6,0.5779816513761468
13.3,0.29,0.68,11.4,7,0.6273062730627307
12.4,0.42,0.61,9.5,5,0.5684995340167754
10.0,0.59,0.63,10.2,6,0.5779816513761468
10.7,0.4,0.81,9.7,6,0.7200000000000001
10.5,0.51,0.66,11.8,7,0.5962059620596206
10.5,0.51,0.66,11.8,7,0.5962059620596206
8.5,0.655,1.14,9.3,5,1.0160427807486632
12.5,0.6,0.74,11.9,6,0.6727272727272726
10.4,0.61,0.63,8.4,3,0.525
10.9,0.21,0.68,11.7,6,0.625
7.3,0.365,0.78,11.0,5,0.7169117647058824
9.8,0.25,0.9,10.0,6,0.8272058823529411
7.6,0.41,0.64,9.1,5,0.5882352941176471
8.2,0.39,0.99,9.8,5,0.9008189262966333
9.3,0.4,0.55,9.4,5,0.5069124423963134
9.2,0.43,0.64,9.5,5,0.5893186003683241
10.4,0.64,0.67,9.9,5,0.6063348416289593
7.3,0.365,0.78,11.0,5,0.7169117647058824
7.0,0.38,0.77,11.4,6,0.7019143117593437
8.2,0.42,0.75,8.7,6,0.6918819188191881
9.9,0.63,0.57,9.4,5,0.5292479108635098
9.1,0.22,0.87,10.3,6,0.8070500927643784
11.9,0.38,0.61,10.3,5,0.5555555555555555
11.9,0.38,0.61,10.3,5,0.5555555555555555
10.3,0.27,0.66,12.8,6,0.6156716417910447
10.0,0.48,0.56,10.0,6,0.5081669691470054
9.1,0.22,0.87,10.3,6,0.8070500927643784
9.9,0.63,0.57,9.4,5,0.5292479108635098
8.1,0.825,0.77,10.7,6,0.7103321033210331
12.9,0.35,0.66,12.0,7,0.6191369606003753
11.2,0.5,0.62,11.2,5,0.5636363636363636
9.2,0.59,0.67,9.6,5,0.6085376930063578
9.5,0.46,0.73,11.0,6,0.6860902255639098
9.3,0.715,0.59,9.9,5,0.5514018691588785
11.2,0.66,0.72,11.0,6,0.663594470046083
14.3,0.31,0.79,8.4,6,0.7348837209302326
9.1,0.47,0.59,9.1,5,0.5393053016453382
7.5,0.55,0.78,9.5,6,0.7235621521335807
10.6,0.31,0.86,10.7,6,0.8059981255857545
12.4,0.35,0.75,10.4,6,0.6950880444856349
9.0,0.53,0.61,9.4,6,0.5209222886421861
6.8,0.51,0.56,9.5,6,0.521415270018622
9.4,0.43,0.73,10.0,6,0.6684981684981685
9.5,0.46,0.74,10.0,6,0.6776556776556776
5.0,1.04,0.62,11.5,5,0.5904761904761905
15.5,0.645,0.74,11.1,5,0.6757990867579908
15.5,0.645,0.74,11.1,5,0.6757990867579908
10.9,0.53,0.56,11.7,6,0.5008944543828265
15.6,0.645,0.74,11.1,5,0.6757990867579908
10.9,0.53,0.56,11.7,6,0.5008944543828265
13.0,0.47,0.68,12.7,6,0.6267281105990784
12.7,0.6,0.57,11.4,5,0.5302325581395348
9.0,0.44,0.58,9.2,5,0.5380333951762523
9.0,0.54,0.61,9.2,5,0.5575868372943327
7.6,0.29,0.61,10.1,6,0.5586080586080585
13.0,0.47,0.68,12.7,6,0.6267281105990784
12.7,0.6,0.57,11.4,5,0.5302325581395348
8.7,0.7,0.6,9.0,6,0.4893964110929853
8.7,0.7,0.6,9.0,6,0.4893964110929853
9.8,0.5,0.79,10.7,6,0.632
6.2,0.36,0.57,11.7,6,0.5205479452054794
11.5,0.35,0.91,11.0,6,0.8504672897196262
6.2,0.36,0.57,11.7,6,0.5205479452054794
10.2,0.24,0.61,10.4,5,0.5674418604651162
10.5,0.59,0.56,9.6,4,0.5233644859813085
10.6,0.34,0.7,10.0,6,0.6493506493506492
12.3,0.27,0.8,10.2,6,0.7414272474513439
9.9,0.5,0.52,10.0,4,0.471441523118767
8.8,0.44,0.6,9.5,5,0.554016620498615
8.8,0.47,0.6,9.8,5,0.5529953917050692
10.6,0.31,0.51,9.8,6,0.47977422389463786
12.3,0.5,0.44,9.6,5,0.40404040404040403
12.3,0.5,0.44,9.6,5,0.40404040404040403
11.7,0.49,0.43,9.2,5,0.39704524469067404
12.0,0.28,0.66,9.9,7,0.6145251396648045
11.8,0.33,0.76,10.7,7,0.6953339432753889
7.6,0.51,0.66,9.6,6,0.6049495875343722
11.1,0.31,1.02,10.6,7,0.9323583180987203
7.3,0.73,0.59,9.3,5,0.5324909747292418
5.0,0.42,0.74,14.0,8,0.6981132075471698
10.2,0.29,0.74,10.5,7,0.6987724268177526
9.0,0.45,0.57,9.7,5,0.5258302583025829
6.6,0.39,0.5,11.5,6,0.4672897196261682
9.0,0.45,0.57,9.7,5,0.5258302583025829
9.9,0.49,0.58,9.0,5,0.5301645338208408
7.9,0.72,0.53,9.5,5,0.4835766423357664
8.9,0.595,0.57,9.3,5,0.5248618784530386
12.4,0.4,0.6,9.3,6,0.56657223796034
11.9,0.58,0.63,10.0,6,0.5882352941176471
8.5,0.585,0.48,9.8,6,0.44526901669758806
12.7,0.59,0.7,9.3,6,0.6469500924214416
8.2,0.915,0.47,10.0,4,0.431985294117647
13.2,0.46,0.56,9.0,6,0.5228758169934641
7.7,0.835,0.52,9.3,5,0.48103607770582796
13.2,0.46,0.56,9.0,6,0.5228758169934641
8.3,0.58,0.62,9.1,6,0.5656934306569342
8.3,0.6,0.59,9.2,6,0.543778801843318
9.4,0.41,0.79,12.2,7,0.7369402985074627
8.8,0.48,0.53,10.5,6,0.48534798534798534
10.1,0.65,0.64,10.4,6,0.5765765765765766
6.3,0.36,0.52,12.7,6,0.4837209302325582
8.8,0.24,0.54,9.2,5,0.49861495844875353
13.2,0.38,0.54,9.4,5,0.4995374653098983
7.5,0.64,0.6,10.0,6,0.5571030640668524
8.2,0.39,0.74,9.8,5,0.6994328922495273
9.2,0.755,1.36,10.2,6,1.1846689895470386
9.6,0.6,0.57,9.7,5,0.5282669138090824
9.6,0.6,0.57,9.7,5,0.5282669138090824
11.5,0.31,0.93,9.8,6,0.8619091751621872
11.4,0.46,0.7,10.2,5,0.6238859180035651
11.3,0.37,0.8,9.3,5,0.7352941176470588
8.3,0.54,0.61,9.4,5,0.5669144981412639
8.2,0.56,0.62,9.4,5,0.5751391465677179
10.0,0.58,0.55,9.5,5,0.5092592592592593
7.9,0.51,0.96,12.1,6,0.8913649025069638
6.8,0.69,0.72,10.2,5,0.6405693950177935
6.8,0.69,0.72,10.2,5,0.6405693950177935
8.8,0.6,0.49,9.1,5,0.4462659380692167
8.8,0.6,0.49,9.1,5,0.4462659380692167
8.7,0.54,0.6,9.3,6,0.5469462169553327
7.6,0.685,0.61,9.3,5,0.549054905490549
8.7,0.54,0.6,9.3,6,0.5469462169553327
10.4,0.28,0.63,9.5,5,0.5701357466063348
7.6,0.41,0.57,10.5,6,0.5243790248390064
10.1,0.935,0.64,11.3,4,0.579185520361991
7.9,0.35,0.58,9.5,5,0.5405405405405406
8.7,0.84,0.55,9.7,5,0.5164319248826291
9.6,0.88,0.53,9.4,5,0.4880294659300184
9.5,0.885,0.53,9.4,5,0.488929889298893
7.7,0.915,0.65,10.2,7,0.5686789151356081
8.9,0.29,1.36,10.3,6,1.2746016869728212
9.9,0.54,0.62,9.4,5,0.5788982259570495
9.5,0.59,0.63,9.5,5,0.5882352941176471
9.9,0.54,0.62,9.4,5,0.5788982259570495
9.5,0.59,0.63,9.5,5,0.5882352941176471
9.9,0.54,0.62,9.4,5,0.5788982259570495
7.8,0.64,0.69,10.1,7,0.6188340807174888
7.3,0.67,0.63,10.1,5,0.5691056910569106
8.3,0.845,0.58,11.0,4,0.5420560747663551
8.7,0.48,0.67,11.2,7,0.6285178236397748
6.7,0.42,0.57,11.3,6,0.5337078651685393
10.7,0.43,0.5,9.6,5,0.4520795660036166
9.8,0.88,0.67,11.2,5,0.6068840579710145
15.9,0.36,0.84,14.9,5,0.7664233576642335
9.4,0.33,0.54,12.0,6,0.5004633920296572
8.6,0.47,0.46,9.5,5,0.42830540037243947
9.7,0.55,0.61,9.4,5,0.5611775528978841
10.7,0.43,0.5,9.6,5,0.4520795660036166
12.0,0.5,0.68,10.5,7,0.6337371854613235
7.2,0.52,0.81,9.6,6,0.7541899441340782
7.1,0.84,0.57,11.0,4,0.5200729927007298
7.2,0.52,0.81,9.6,6,0.7541899441340782
7.5,0.42,0.64,9.0,5,0.5925925925925926
7.2,0.57,0.7,9.6,6,0.6505576208178437
10.1,0.28,0.79,10.2,6,0.7523809523809524
12.1,0.4,0.66,10.2,5,0.6043956043956044
9.4,0.59,0.56,9.7,5,0.5166051660516605
8.3,0.49,0.6,9.5,6,0.4909983633387889
11.3,0.34,0.66,9.2,6,0.609981515711645
10.0,0.73,0.57,11.0,5,0.5382436260623229
11.3,0.34,0.66,9.2,6,0.609981515711645
6.9,0.4,0.58,10.0,5,0.5355493998153278
8.2,0.73,0.52,9.5,5,0.48417132216014896
9.8,1.24,0.53,9.5,5,0.49119555143651533
8.2,0.73,0.52,9.5,5,0.48417132216014896
10.8,0.4,0.67,9.3,6,0.6180811808118081
9.3,0.41,0.65,10.2,5,0.6109022556390977
10.8,0.4,0.67,9.3,6,0.6180811808118081
8.6,0.8,0.48,9.9,5,0.4428044280442804
8.3,0.78,0.53,10.0,5,0.49028677150786315
10.8,0.26,0.54,9.6,5,0.5094339622641509
13.3,0.43,0.49,9.0,5,0.4579439252336448
8.0,0.45,0.49,10.2,6,0.4478976234003656
8.5,0.46,0.54,9.8,5,0.5009276437847866
8.1,0.78,0.56,11.3,5,0.5288007554296507
9.8,0.98,0.48,9.4,5,0.44526901669758806
8.1,0.78,0.56,11.3,5,0.5288007554296507
7.1,0.65,0.6,9.1,5,0.5607476635514018
9.1,0.64,0.59,9.7,5,0.5388127853881278
7.7,0.66,0.47,9.4,5,0.4523580365736285
8.1,0.38,1.05,9.4,5,0.9075194468452895
7.4,1.185,0.54,10.7,3,0.4922515952597995
9.2,0.92,0.54,9.8,5,0.49678012879484823
8.6,0.49,1.17,9.0,5,0.8227848101265822
9.0,0.48,0.62,9.4,5,0.5719557195571955
9.0,0.47,0.61,9.4,5,0.562730627306273
5.1,0.47,0.62,12.8,6,0.5996131528046421
7.0,0.65,0.67,9.5,6,0.6285178236397748
7.0,0.65,0.67,9.5,6,0.6285178236397748
9.4,0.615,0.53,9.7,5,0.4875804967801288
11.8,0.38,0.62,10.8,6,0.5788982259570495
10.6,1.02,0.57,10.1,6,0.5297397769516727
7.0,0.65,0.67,9.5,6,0.6285178236397748
7.0,0.64,0.67,9.4,6,0.6279287722586693
7.5,0.38,0.7,9.6,4,0.65237651444548
9.1,0.765,0.54,9.7,4,0.5009276437847866
8.4,1.035,0.49,9.9,5,0.456663560111836
7.0,0.78,0.47,10.0,5,0.43000914913083255
7.4,0.49,0.51,10.5,5,0.4735376044568245
7.8,0.545,0.61,11.6,6,0.5711610486891385
9.7,0.31,0.66,10.0,6,0.6214689265536724
10.6,1.025,0.57,10.1,5,0.5277777777777777
8.9,0.565,0.61,9.5,5,0.5580969807868252
8.7,0.69,0.45,9.4,5,0.4151291512915129
8.0,0.43,0.46,9.4,5,0.4279069767441861
9.9,0.74,0.51,9.8,5,0.47309833024118736
7.2,0.49,0.48,9.2,6,0.4490177736202058
8.0,0.43,0.46,9.4,5,0.4279069767441861
7.6,0.46,0.57,10.0,5,0.5282669138090824
8.4,0.56,0.44,9.6,5,0.4066543438077634
7.1,0.66,0.54,9.5,5,0.4972375690607735
8.4,0.56,0.44,9.6,5,0.4066543438077634
8.9,0.48,0.53,9.2,5,0.4844606946983547
7.6,0.42,0.59,10.0,5,0.544280442804428
7.1,0.31,1.62,9.5,5,1.5384615384615385
7.5,1.115,0.6,11.2,4,0.5524861878453038
9.0,0.66,0.55,10.4,5,0.5106778087279481
8.1,0.72,0.72,11.1,6,0.6642066420664205
6.4,0.57,0.68,9.5,5,0.6373008434864106
6.4,0.57,0.68,9.5,5,0.6373008434864106
6.4,0.865,0.49,12.7,6,0.4575163398692811
9.5,0.55,0.67,9.6,5,0.48305695746214855
8.9,0.875,0.52,11.5,5,0.4779411764705882
7.3,0.835,0.47,9.6,5,0.4304029304029304
7.0,0.45,0.6,9.5,5,0.55452865064695
7.7,0.56,0.62,9.3,5,0.5767441860465117
7.7,0.965,0.5,9.5,5,0.44964028776978415
7.7,0.965,0.5,9.5,5,0.44964028776978415
8.2,0.59,0.65,9.3,6,0.5946935041171089
9.0,0.46,0.56,9.2,5,0.5128205128205129
9.0,0.69,0.6,9.3,5,0.551470588235294
8.3,0.76,0.68,11.5,6,0.6325581395348838
9.2,0.53,0.57,9.5,5,0.5287569573283858
6.5,0.615,0.65,9.2,5,0.6103286384976526
11.6,0.41,0.53,10.0,5,0.4835766423357664
11.1,0.39,0.51,9.5,5,0.4657534246575343
7.3,0.51,0.73,9.5,6,0.6822429906542056
8.2,0.34,0.47,9.0,6,0.4351851851851851
8.6,0.33,0.48,9.4,5,0.44321329639889195
7.2,0.5,0.72,9.6,6,0.6722689075630253
7.3,0.51,0.73,9.5,6,0.6822429906542056
8.3,0.65,0.55,9.5,5,0.5050505050505051
8.3,0.65,0.55,9.5,5,0.5050505050505051
7.6,0.54,0.61,9.4,5,0.5560619872379216
8.3,0.65,0.55,9.5,5,0.5050505050505051
7.8,0.48,1.06,9.1,6,0.7491166077738516
7.8,0.91,0.43,10.7,6,0.4064272211720227
6.3,0.98,0.46,11.2,6,0.43519394512772
8.1,0.87,0.5,9.8,5,0.46125461254612543
8.1,0.87,0.5,9.8,5,0.46125461254612543
8.8,0.42,0.52,9.2,5,0.47619047619047616
9.0,0.58,0.57,9.7,5,0.5302325581395348
9.3,0.655,0.42,9.6,5,0.38321167883211676
8.8,0.7,0.53,10.0,6,0.4957904583723106
9.3,0.655,0.42,9.6,5,0.38321167883211676
9.1,0.68,0.55,9.5,6,0.5032021957913999
9.2,0.67,0.54,9.5,6,0.4949587534372136
8.8,0.59,0.54,9.4,5,0.4958677685950414
7.5,0.6,0.62,9.5,5,0.5621033544877606
7.1,0.59,0.53,9.7,6,0.4898336414048059
7.9,0.72,0.54,9.6,5,0.5018587360594795
7.1,0.59,0.53,9.7,6,0.4898336414048059
9.4,0.685,0.55,9.4,5,0.5083179297597042
9.5,0.57,0.55,9.4,5,0.5083179297597042
7.9,0.4,0.92,9.5,6,0.7951598962834918
7.9,0.4,0.91,9.5,6,0.7865168539325843
7.2,1.0,0.46,10.0,5,0.4174228675136116
6.9,0.765,0.6,10.3,6,0.48270313757039424
6.9,0.635,0.59,10.3,6,0.475423045930701
8.3,0.43,0.61,10.5,5,0.5653382761816497
7.1,0.52,0.6,9.8,5,0.5576208178438661
7.0,0.57,0.6,9.4,6,0.5042016806722689
6.5,0.46,0.65,9.8,5,0.5834829443447037
9.0,0.82,0.53,10.0,5,0.49028677150786315
6.5,0.46,0.65,9.8,5,0.5834829443447037
7.1,0.59,0.59,9.8,5,0.5478180129990715
9.9,0.35,0.5,9.5,5,0.46168051708217916
9.9,0.35,0.5,9.5,5,0.46168051708217916
10.0,0.56,0.56,10.1,6,0.5189990732159407
10.0,0.56,0.56,10.1,6,0.5189990732159407
8.6,0.63,0.52,9.3,5,0.4731574158325751
7.4,0.37,0.68,9.7,6,0.6284658040665434
8.8,0.64,0.54,9.6,5,0.4981549815498155
7.1,0.61,0.6,9.7,6,0.5550416281221091
7.7,0.6,0.56,10.8,5,0.5308056872037915
10.1,0.27,0.53,12.5,6,0.4976525821596245
10.8,0.89,1.18,10.2,5,1.0424028268551235
8.7,0.46,0.74,9.6,5,0.6571936056838367
9.3,0.37,0.81,10.8,7,0.7803468208092486
9.4,0.5,0.52,10.7,6,0.4805914972273567
9.4,0.5,0.52,10.7,6,0.4805914972273567
7.2,0.61,0.51,9.4,5,0.47134935304990755
8.6,0.55,0.44,10.0,5,0.4119850187265917
5.1,0.585,0.94,12.9,7,0.900383141762452
7.7,0.56,0.66,9.6,6,0.59245960502693
8.4,0.52,0.57,9.9,6,0.5258302583025829
8.2,0.28,0.7,12.8,7,0.6653992395437262
8.4,0.25,0.71,12.5,7,0.6820365033621518
8.2,0.28,0.7,12.8,7,0.6653992395437262
7.4,0.53,0.86,9.2,5,0.7381974248927038
7.6,0.48,0.55,10.3,6,0.5140186915887851
7.3,0.49,0.47,10.5,5,0.44007490636704116
12.9,0.5,0.68,10.9,6,0.6343283582089553
10.8,0.45,0.71,10.8,5,0.646041856232939
6.9,0.39,0.58,11.4,4,0.5263157894736842
12.6,0.41,0.76,11.3,6,0.6890299184043518
10.8,0.45,0.71,10.8,5,0.646041856232939
9.8,0.51,0.58,10.5,6,0.5365402405180388
10.8,0.29,0.73,11.9,6,0.6734317343173432
7.1,0.715,0.45,9.4,5,0.42016806722689076
9.1,0.66,0.54,9.6,5,0.4922515952597995
7.0,0.685,0.6,9.7,5,0.545950864422202
4.9,0.42,0.74,14.0,7,0.7061068702290076
6.7,0.54,0.64,9.8,5,0.5947955390334573
6.7,0.54,0.64,9.8,5,0.5947955390334573
7.1,0.48,0.53,10.3,5,0.49625468164794007
7.1,0.46,0.49,10.7,5,0.4553903345724907
7.5,0.27,0.64,11.0,7,0.6095238095238095
7.1,0.46,0.49,10.7,5,0.4553903345724907
7.8,0.57,0.74,12.7,8,0.6948356807511737
5.9,0.61,0.77,11.1,6,0.7189542483660131
7.5,0.685,0.55,10.9,4,0.5198487712665406
5.9,0.61,0.77,11.1,6,0.7189542483660131
10.4,0.44,0.86,9.9,3,0.7510917030567685
11.6,0.47,0.86,9.9,4,0.7497820401046207
8.8,0.685,0.47,9.4,5,0.431985294117647
7.6,0.665,0.51,9.3,5,0.47842401500938087
6.7,0.28,0.39,11.7,7,0.38537549407114624
6.7,0.28,0.39,11.7,7,0.38537549407114624
10.1,0.31,0.83,11.2,7,0.772093023255814
6.0,0.5,0.47,10.0,5,0.4304029304029304
11.1,0.42,0.77,12.1,7,0.7096774193548387
6.6,0.66,0.63,10.3,5,0.5650224215246636
10.6,0.5,0.72,10.9,6,0.6434316353887399
7.1,0.685,0.62,9.4,5,0.5698529411764706
9.9,0.25,0.83,10.6,6,0.7815442561205272
6.4,0.64,0.66,9.8,5,0.6105457909343202
6.4,0.64,0.66,9.8,5,0.6105457909343202
7.4,0.68,0.7,9.9,6,0.6493506493506492
6.4,0.64,0.66,9.8,5,0.6105457909343202
6.4,0.63,0.66,9.8,5,0.611111111111111
9.3,0.43,0.55,9.5,5,0.5069124423963134
9.3,0.43,0.55,9.5,5,0.5069124423963134
8.0,0.42,1.07,9.7,5,0.9907407407407407
9.3,0.36,0.73,10.9,6,0.6759259259259258
9.3,0.36,0.73,10.9,6,0.6759259259259258
7.6,0.735,0.71,11.7,7,0.6629318394024276
9.3,0.36,0.73,10.9,6,0.6759259259259258
8.2,0.26,0.78,11.3,7,0.7269338303821063
11.7,0.28,0.67,10.6,7,0.6356736242884251
6.8,0.56,0.82,11.2,6,0.7635009310986963
7.2,0.62,0.54,9.5,5,0.5013927576601672
5.8,1.01,0.6,11.5,6,0.5774783445620789
7.5,0.42,0.44,10.4,5,0.4123711340206186
7.2,0.62,0.53,9.7,5,0.4916512059369202
7.2,0.62,0.54,9.5,5,0.5013927576601672
7.2,0.635,0.54,9.7,5,0.5013927576601672
6.8,0.49,0.83,11.3,6,0.7749766573295985
6.9,0.51,0.84,11.2,6,0.7835820895522387
6.8,0.56,0.82,11.2,6,0.7635009310986963
7.6,0.63,0.64,10.9,6,0.5925925925925926
7.7,0.715,0.57,11.8,6,0.5357142857142856
6.9,0.56,0.57,10.6,5,0.5248618784530386
7.3,0.35,0.54,10.0,4,0.5060918462980319
9.1,0.21,0.58,11.1,7,0.5435801312089972
10.4,0.38,0.65,11.8,7,0.5887681159420289
8.8,0.31,0.79,11.8,7,0.7123534715960325
7.1,0.47,0.58,10.9,4,0.5435801312089972
7.7,0.715,0.57,11.8,6,0.5357142857142856
8.8,0.61,0.5,10.0,6,0.45703839122486284
7.2,0.6,0.55,9.5,5,0.5111524163568774
9.2,0.56,0.49,9.9,5,0.45454545454545453
7.6,0.715,0.65,11.4,6,0.6086142322097378
8.4,0.31,0.78,12.0,6,0.6532663316582915
7.2,0.6,0.55,9.5,5,0.5111524163568774
8.8,0.61,0.5,10.0,6,0.45703839122486284
8.9,0.75,0.64,10.5,5,0.5893186003683241
9.0,0.8,0.65,10.4,6,0.6001846722068329
10.7,0.52,0.79,12.1,7,0.7410881801125704
6.8,0.57,0.56,11.2,6,0.5223880597014926
10.7,0.9,0.68,9.3,5,0.6115107913669064
7.2,0.34,0.58,10.1,5,0.5415499533146592
7.2,0.66,0.57,9.7,5,0.5287569573283858
10.1,0.45,0.65,9.3,6,0.6007393715341959
7.2,0.66,0.57,9.7,5,0.5287569573283858
7.2,0.63,0.58,9.8,6,0.537037037037037
7.1,0.59,0.58,10.7,6,0.537037037037037
8.3,0.31,0.77,12.5,7,0.7142857142857143
7.1,0.59,0.58,10.7,6,0.537037037037037
8.3,0.31,0.77,12.5,7,0.7142857142857143
8.3,1.02,0.49,11.0,3,0.45202952029520294
8.9,0.31,0.69,11.8,5,0.6534090909090908
7.4,0.635,0.69,10.8,7,0.6388888888888888
7.4,0.635,0.69,10.8,7,0.6388888888888888
6.8,0.59,0.59,10.8,7,0.5566037735849056
6.8,0.59,0.59,10.8,7,0.5566037735849056
9.2,0.58,0.59,9.5,5,0.545790934320074
7.2,0.54,0.71,11.0,5,0.654981549815498
6.1,0.56,0.54,11.5,6,0.5004633920296572
7.4,0.52,0.59,10.8,6,0.5473098330241186
7.3,0.305,0.52,11.5,6,0.4910292728989613
9.3,0.38,0.57,13.2,6,0.5035335689045936
9.1,0.28,0.6,10.9,6,0.5385996409335726
10.0,0.46,0.62,12.2,6,0.5821596244131456
9.4,0.395,0.64,12.2,7,0.5850091407678245
7.3,0.305,0.52,11.5,6,0.4910292728989613
8.6,0.315,0.67,11.9,6,0.6209453197405005
5.3,0.715,0.61,11.0,5,0.5254091300602928
6.8,0.41,0.64,10.1,6,0.5904059040590406
8.4,0.36,0.72,11.0,6,0.666049953746531
8.4,0.62,0.89,11.8,6,0.8302238805970149
9.6,0.41,0.56,10.5,5,0.5132905591200734
8.4,0.36,0.72,11.0,6,0.666049953746531
8.4,0.62,0.89,11.8,6,0.8302238805970149
6.8,0.41,0.64,10.1,6,0.5904059040590406
8.6,0.47,0.8,11.2,5,0.7582938388625593
8.6,0.22,0.87,11.0,7,0.8176691729323308
9.4,0.24,0.9,10.2,6,0.8482563619227145
8.4,0.67,0.59,9.2,4,0.5397987191216834
8.6,0.47,0.8,11.2,5,0.7582938388625593
8.7,0.33,0.73,12.0,7,0.6867356538099718
6.6,0.61,0.73,10.5,5,0.6759259259259258
7.4,0.61,0.65,9.8,5,0.6052141527001862
7.6,0.4,0.59,9.5,6,0.5473098330241186
7.4,0.61,0.65,9.8,5,0.6052141527001862
6.6,0.61,0.73,10.5,5,0.6759259259259258
8.8,0.3,0.72,11.8,6,0.6792452830188679
8.8,0.3,0.72,11.8,6,0.6792452830188679
12.0,0.63,0.6,10.4,4,0.5602240896358543
7.2,0.38,0.72,12.9,7,0.6741573033707865
6.2,0.46,0.54,11.4,5,0.5032618825722275
9.6,0.33,0.76,12.4,7,0.7076350093109869
9.9,0.27,0.52,12.5,7,0.4805914972273567
10.1,0.43,0.64,10.0,7,0.586080586080586
9.8,0.5,0.6,9.7,7,0.5484460694698354
8.3,0.3,0.64,12.1,7,0.5871559633027522
10.2,0.44,0.79,11.1,7,0.7376283846872083
10.2,0.44,0.99,12.0,7,0.9065934065934065
8.3,0.28,0.62,12.4,7,0.5672461116193962
8.9,0.12,0.76,11.9,7,0.7069767441860465
8.9,0.12,0.76,11.9,7,0.7069767441860465
8.9,0.12,0.76,11.9,7,0.7069767441860465
8.3,0.28,0.62,12.4,7,0.5672461116193962
8.2,0.31,0.68,11.2,7,0.6427221172022685
10.2,0.34,0.69,12.1,7,0.6558935361216729
7.6,0.43,0.54,12.2,6,0.49907578558225507
8.5,0.21,0.67,10.4,5,0.6146788990825688
9.0,0.36,0.62,11.3,6,0.558055805580558
9.5,0.37,0.58,11.1,6,0.5330882352941175
6.4,0.57,0.71,11.3,7,0.6339285714285713
8.0,0.59,0.61,10.0,5,0.5601469237832875
8.5,0.47,0.85,11.1,6,0.8034026465028354
7.1,0.56,0.62,9.3,5,0.5751391465677179
6.6,0.57,0.69,9.5,5,0.6188340807174888
8.8,0.27,0.69,11.2,6,0.6272727272727272
8.5,0.47,0.85,11.1,6,0.8034026465028354
8.3,0.34,0.86,11.0,6,0.8075117370892019
9.0,0.38,0.58,11.9,7,0.5258386219401632
8.5,0.66,0.48,9.2,5,0.43755697356426615
9.0,0.4,0.6,12.2,6,0.5617977528089887
6.7,0.56,0.61,10.2,5,0.5653382761816497
10.4,0.26,0.87,10.9,6,0.8161350844277673
10.4,0.26,0.87,10.9,6,0.8161350844277673
10.1,0.38,0.65,11.6,7,0.5887681159420289
8.5,0.34,0.63,10.7,5,0.5838739573679333
8.8,0.33,0.62,12.1,7,0.5778191985088537
7.2,0.41,0.52,9.4,5,0.4801477377654663
7.2,0.41,0.52,9.4,5,0.4801477377654663
8.4,0.59,0.5,9.1,5,0.4508566275924256
7.0,0.4,0.49,11.3,7,0.46182846371347785
12.2,0.45,0.63,10.4,5,0.586046511627907
9.1,0.5,0.71,10.5,6,0.6666666666666666
9.5,0.86,0.62,10.0,5,0.5746061167747915
7.3,0.52,0.82,12.9,6,0.7663551401869158
9.1,0.5,0.71,10.5,6,0.6666666666666666
12.2,0.45,0.63,10.4,5,0.586046511627907
7.4,0.58,0.58,11.3,6,0.5451127819548871
9.8,0.34,0.55,11.4,7,0.5159474671669794
7.1,0.36,0.5,9.4,5,0.4629629629629629
7.7,0.39,0.49,9.4,5,0.44667274384685507
9.7,0.295,0.51,10.9,6,0.47530288909599255
7.7,0.39,0.49,9.4,5,0.44667274384685507
7.1,0.34,0.48,9.4,5,0.44362292051756
6.5,0.4,0.48,9.4,6,0.4460966542750929
7.1,0.34,0.48,9.4,5,0.44362292051756
10.0,0.35,0.43,9.4,5,0.39377289377289376
7.7,0.6,0.62,10.1,6,0.5746061167747915
5.6,0.66,0.63,12.8,7,0.5795768169273229
5.6,0.66,0.63,12.8,7,0.5795768169273229
8.9,0.84,0.48,9.1,6,0.45714285714285713
6.4,0.69,0.53,12.9,6,0.5023696682464456
7.5,0.43,0.72,11.5,7,0.6779661016949152
9.9,0.35,0.82,10.6,7,0.775047258979206
9.1,0.29,0.84,11.7,7,0.7902163687676388
6.8,0.36,0.55,12.8,7,0.5154639175257733
8.2,0.43,0.54,10.3,5,0.4995374653098983
6.8,0.36,0.55,12.8,7,0.5154639175257733
9.1,0.29,0.84,11.7,7,0.7902163687676388
9.1,0.3,0.84,11.7,7,0.7894736842105262
8.9,0.35,0.7,12.0,7,0.6306306306306305
9.6,0.5,0.68,10.9,5,0.6093189964157706
8.9,0.28,0.55,12.3,7,0.5154639175257733
8.9,0.32,0.55,10.4,6,0.5055147058823529
7.7,1.005,0.48,10.0,5,0.4355716878402903
7.5,0.71,0.58,10.0,6,0.531135531135531
8.0,0.58,0.58,11.2,6,0.5178571428571428
10.5,0.39,0.84,11.4,6,0.7813953488372093
8.9,0.38,0.75,12.6,7,0.7022471910112359
8.0,0.18,0.44,12.7,6,0.4194470924690181
8.0,0.18,0.44,12.7,6,0.4194470924690181
7.0,0.5,0.61,10.4,5,0.5658627087198516
11.3,0.36,0.53,11.9,6,0.4719501335707925
11.3,0.36,0.53,11.9,6,0.4719501335707925
7.0,0.51,0.54,10.5,5,0.5084745762711864
8.2,0.32,0.55,12.3,6,0.5009107468123861
7.7,0.58,0.56,10.5,7,0.5147058823529412
8.6,0.83,0.6,10.4,6,0.547945205479452
7.9,0.31,0.56,12.6,6,0.525328330206379
6.4,0.795,0.52,11.6,5,0.4882629107981221
7.2,0.34,0.54,10.1,6,0.5023255813953489
7.7,0.58,0.56,10.5,7,0.5147058823529412
7.1,0.59,0.55,11.5,7,0.5041246562786434
7.3,0.55,0.58,11.0,7,0.5306495882891125
8.1,0.82,0.53,9.6,5,0.4840182648401827
7.5,0.57,0.59,10.4,6,0.54178145087236
8.9,0.745,0.47,9.7,6,0.436397400185701
10.1,0.37,0.65,10.6,7,0.599078341013825
7.6,0.31,0.59,12.5,7,0.5452865064695008
7.3,0.91,0.56,9.2,5,0.521415270018622
8.7,0.41,0.77,12.6,7,0.7142857142857143
8.9,0.5,0.83,11.1,6,0.7628676470588235
7.4,0.965,0.67,10.2,5,0.6158088235294118
6.9,0.49,0.64,9.8,6,0.5931417979610751
8.9,0.5,0.83,11.1,6,0.7628676470588235
9.5,0.39,0.81,10.9,7,0.7577174929840974
6.4,0.39,0.62,12.2,6,0.5927342256214149
6.9,0.44,0.58,11.4,6,0.5420560747663551
7.6,0.78,0.62,10.7,6,0.5762081784386617
7.1,0.43,0.64,10.4,5,0.5914972273567467
9.3,0.49,0.78,10.9,6,0.7215541165587419
9.3,0.5,0.77,10.8,6,0.7103321033210331
7.1,0.43,0.64,10.4,5,0.5914972273567467
8.5,0.46,1.34,9.2,5,0.9476661951909477
5.6,0.605,0.55,12.9,5,0.5125815470643057
8.3,0.33,0.77,12.7,7,0.719626168224299
8.2,0.64,0.62,9.1,6,0.5662100456621004
8.2,0.64,0.62,9.1,6,0.5662100456621004
8.9,0.48,0.59,12.1,7,0.5358764759309719
7.6,0.42,0.57,9.1,5,0.5163043478260869
9.9,0.53,0.76,11.6,7,0.6953339432753889
8.9,0.48,0.59,12.1,7,0.5358764759309719
11.6,0.23,0.7,9.9,6,0.6517690875232773
9.1,0.4,0.69,12.5,8,0.6442577030812324
8.0,0.38,0.64,11.4,6,0.5828779599271402
10.2,0.29,0.63,11.8,6,0.586046511627907
8.2,0.74,0.57,11.8,6,0.5342080599812559
7.7,0.61,0.6,10.2,6,0.554016620498615
6.6,0.52,0.72,12.5,7,0.6728971962616822
11.1,0.31,0.83,10.9,7,0.7830188679245282
11.1,0.31,0.83,10.9,7,0.7830188679245282
8.0,0.62,0.62,10.8,5,0.570902394106814
9.3,0.33,0.89,11.1,7,0.8420056764427626
7.5,0.77,0.58,9.2,5,0.5282331511839707
7.2,0.35,0.58,9.5,6,0.5355493998153278
8.0,0.62,0.58,10.7,6,0.5330882352941175
7.5,0.77,0.58,9.2,5,0.5282331511839707
9.1,0.25,0.86,10.2,7,0.8029878618113913
9.9,0.32,0.73,11.4,6,0.6803355079217148
8.6,0.37,0.58,11.0,5,0.537037037037037
8.6,0.37,0.58,11.0,5,0.537037037037037
7.9,0.3,0.51,12.3,7,0.4857142857142857
10.3,0.27,0.51,11.8,6,0.4871060171919771
7.9,0.3,0.51,12.3,7,0.4857142857142857
7.2,0.38,0.59,9.5,6,0.5498602050326188
8.7,0.42,0.77,12.0,6,0.7182835820895522
7.2,0.38,0.59,9.5,6,0.5498602050326188
6.8,0.48,0.49,9.6,5,0.4562383612662942
8.5,0.34,0.66,11.6,7,0.6255924170616114
7.9,0.19,0.69,11.2,6,0.6527909176915799
11.6,0.41,0.76,9.9,7,0.6940639269406393
11.6,0.41,0.76,9.9,7,0.6940639269406393
10.0,0.26,0.63,11.8,8,0.5817174515235457
7.9,0.34,0.6,11.4,6,0.5524861878453038
7.0,0.54,0.59,11.5,6,0.545790934320074
9.2,0.31,0.86,12.0,7,0.7970342910101946
6.6,0.725,0.49,10.8,6,0.4386750223813787
9.4,0.4,0.5,10.5,5,0.45998160073597055
6.6,0.725,0.49,10.8,6,0.4386750223813787
8.6,0.52,0.52,9.4,5,0.4744525547445255
8.0,0.31,0.81,12.5,7,0.6661184210526316
8.6,0.52,0.52,9.4,5,0.4744525547445255
8.4,0.34,0.78,12.4,6,0.7276119402985074
7.4,0.49,0.63,12.0,6,0.5882352941176471
6.1,0.48,0.54,11.2,6,0.5009276437847866
7.4,0.49,0.63,12.0,6,0.5882352941176471
8.0,0.48,0.66,12.4,6,0.6150978564771669
6.3,0.57,0.6,12.8,5,0.5725190839694656
8.2,0.23,0.54,12.3,6,0.5051449953227316
9.1,0.3,0.85,11.7,7,0.795880149812734
8.1,0.78,0.49,9.5,5,0.4495412844036697
10.8,0.47,0.76,10.8,6,0.6490179333902647
8.3,0.53,0.64,10.0,6,0.5981308411214953
5.4,0.42,0.64,12.3,7,0.586080586080586
7.9,0.33,0.71,11.0,6,0.6723484848484848
8.9,0.24,0.59,9.5,6,0.5493482309124766
5.0,0.4,0.66,13.6,6,0.6309751434034417
7.0,0.69,0.6,11.3,6,0.5499541704857929
7.0,0.69,0.6,11.3,6,0.5499541704857929
7.0,0.69,0.6,11.3,6,0.5499541704857929
7.1,0.39,0.53,13.3,6,0.4976525821596245
5.6,0.66,0.58,12.9,5,0.5440900562851781
7.9,0.54,0.72,13.1,8,0.6691449814126393
6.6,0.5,0.55,12.3,6,0.5178907721280602
6.3,0.47,0.48,12.3,6,0.4549763033175356
10.7,0.4,0.65,11.2,6,0.601295097132285
6.5,0.58,0.62,11.5,4,0.5656934306569342
8.8,0.24,0.59,11.3,7,0.5592417061611374
5.8,0.29,0.54,13.5,6,0.5079962370649107
6.3,0.76,0.6,11.5,6,0.5597014925373134
10.0,0.43,0.68,10.0,5,0.6210045662100457
10.5,0.43,0.69,10.5,6,0.6318681318681317
9.1,0.6,0.63,10.4,6,0.5954631379962193
5.9,0.19,0.44,9.5,5,0.4210526315789474
7.4,0.36,0.88,13.6,7,0.8186046511627907
7.2,0.48,0.68,11.2,7,0.6244260789715336
8.5,0.28,0.74,11.8,7,0.6974552309142319
8.0,0.25,0.6,11.9,6,0.5623242736644799
10.4,0.52,0.76,11.4,6,0.7037037037037037
10.4,0.52,0.76,11.4,6,0.7037037037037037
7.5,0.41,0.58,9.1,5,0.5253623188405796
8.2,0.51,0.64,9.5,6,0.5931417979610751
7.3,0.4,0.65,9.5,6,0.6018518518518519
8.2,0.38,0.85,11.0,6,0.787037037037037
6.9,0.45,0.65,11.4,6,0.6232023010546501
7.0,0.22,0.82,10.0,6,0.7699530516431925
7.3,0.32,0.62,10.1,5,0.5816135084427767
8.2,0.2,0.81,10.4,6,0.7527881040892194
7.8,0.5,0.87,9.8,6,0.7385398981324279
10.0,0.41,0.49,11.8,7,0.4575163398692811
7.8,0.39,0.66,11.6,6,0.6077348066298343
10.0,0.35,0.52,12.0,6,0.49010367577756836
8.2,0.33,0.76,12.8,7,0.7122774133083412
6.1,0.58,0.65,12.5,6,0.6226053639846744
8.3,0.6,0.53,9.8,5,0.47406082289803225
9.6,0.42,0.66,11.1,6,0.6094182825484765
6.6,0.58,0.68,11.4,6,0.6181818181818182
8.3,0.6,0.53,9.8,5,0.47406082289803225
8.5,0.18,0.76,11.8,7,0.7096171802054155
5.1,0.51,0.87,12.9,7,0.8349328214971209
6.7,0.41,1.16,10.6,6,1.0780669144981412
10.2,0.41,0.67,10.8,5,0.6036036036036035
10.6,0.36,0.72,11.1,7,0.6623735050597976
8.8,0.45,0.75,10.2,6,0.6970260223048327
8.5,0.32,0.71,11.8,7,0.6604651162790698
9.0,0.785,0.67,10.0,5,0.62152133580705
9.0,0.785,0.67,10.0,5,0.62152133580705
8.5,0.44,1.1,9.4,5,0.8035062089116144
9.9,0.54,0.98,10.2,5,0.8820882088208821
8.2,0.33,0.88,12.4,7,0.8193668528864059
6.5,0.34,0.56,12.0,6,0.5248359887535146
7.6,0.5,0.62,11.5,6,0.570902394106814
9.2,0.36,0.67,10.5,6,0.6308851224105462
7.1,0.59,0.68,10.8,6,0.6307977736549165
9.7,0.42,0.74,12.3,6,0.6890130353817504
7.6,0.36,0.62,9.5,6,0.5746061167747915
7.6,0.36,0.62,9.5,6,0.5746061167747915
6.5,0.61,0.7,11.5,6,0.639269406392694
6.5,0.88,0.5,11.2,4,0.4633920296570899
7.1,0.66,0.66,12.7,7,0.6273764258555133
5.6,0.915,0.73,11.4,5,0.7012487992315082
8.2,0.35,0.81,11.0,6,0.7527881040892194
8.2,0.35,0.81,11.0,6,0.7527881040892194
9.8,0.39,0.46,11.4,5,0.4307116104868914
10.2,0.4,0.86,10.5,6,0.8052434456928839
6.8,0.66,0.6,9.3,5,0.5607476635514018
6.7,0.64,0.7,10.9,5,0.648148148148148
7.0,0.43,0.46,11.9,6,0.42396313364055305
6.6,0.8,0.5,12.2,5,0.4633920296570899
7.0,0.43,0.46,11.9,6,0.42396313364055305
6.7,0.64,0.7,10.9,5,0.648148148148148
8.8,0.955,0.44,9.6,4,0.40930232558139534
9.1,0.4,0.57,12.5,6,0.5277777777777777
6.5,0.885,0.51,10.8,5,0.43739279588336194
7.2,0.25,0.8,12.4,7,0.7525870178739418
6.4,0.885,0.51,10.8,5,0.43739279588336194
7.0,0.745,0.59,9.5,6,0.5296229802513465
6.2,0.43,0.6,9.5,6,0.5565862708719851
7.9,0.58,0.58,9.5,6,0.5390334572490706
7.7,0.57,0.54,9.8,6,0.5051449953227316
7.7,0.26,0.79,10.9,6,0.7509505703422054
7.9,0.58,0.58,9.5,6,0.5390334572490706
7.7,0.57,0.54,9.8,6,0.5051449953227316
7.9,0.34,0.54,11.2,7,0.5070422535211269
8.6,0.42,0.69,11.7,8,0.646067415730337
9.9,0.74,0.55,9.4,5,0.4950495049504951
7.2,0.36,0.85,11.0,7,0.7914338919925511
7.2,0.36,0.85,11.0,7,0.7914338919925511
7.2,0.36,0.85,11.0,7,0.7914338919925511
9.9,0.72,0.94,10.0,5,0.8274647887323943
7.2,0.36,0.85,11.0,7,0.7914338919925511
6.2,0.39,0.87,11.2,7,0.8123249299719888
6.8,0.65,0.62,10.4,6,0.5751391465677179
6.6,0.44,0.62,9.3,5,0.5762081784386617
6.8,0.65,0.62,10.4,6,0.5751391465677179
9.6,0.38,0.75,10.5,6,0.700280112044818
10.2,0.33,0.48,10.4,6,0.4440333024976873
8.8,0.27,0.56,11.3,6,0.5114155251141553
7.9,0.57,0.69,9.5,6,0.6394810009267841
8.2,0.34,0.81,12.0,6,0.7663197729422896
8.2,0.4,0.69,10.6,6,0.6377079482439925
9.0,0.39,0.83,10.9,6,0.7950191570881225
10.9,0.32,0.77,11.5,6,0.6802120141342756
10.9,0.32,0.77,11.5,6,0.6802120141342756
8.1,0.53,0.46,9.6,6,0.4267161410018553
10.5,0.36,0.76,12.0,6,0.7076350093109869
12.6,0.39,0.82,10.3,6,0.7592592592592592
9.2,0.46,0.51,9.4,5,0.46746104491292395
7.5,0.58,0.47,9.2,5,0.4351851851851851
9.0,0.58,0.72,9.6,5,0.6521739130434782
5.1,0.42,0.73,13.6,7,0.6992337164750957
7.6,0.43,0.64,9.5,5,0.5953488372093023
7.7,0.18,0.78,11.8,6,0.7317073170731707
7.8,0.815,0.62,10.8,5,0.5772811918063314
7.6,0.43,0.64,9.5,5,0.5953488372093023
10.2,0.23,0.49,9.3,4,0.4635761589403974
7.1,0.75,0.4,12.8,6,0.3777148253068933
6.0,0.33,0.56,11.5,4,0.5313092979127135
7.8,0.55,0.64,9.4,6,0.5981308411214953
7.1,0.75,0.4,12.8,6,0.3777148253068933
8.1,0.73,0.46,9.6,4,0.4255319148936171
6.5,0.67,0.56,11.8,4,0.5298013245033113
7.5,0.61,0.4,9.3,5,0.37174721189591076
9.8,0.37,0.59,9.8,5,0.5468025949953661
9.0,0.4,0.6,12.2,6,0.5671077504725898
8.3,0.56,0.62,9.5,5,0.5730129390018484
5.9,0.29,0.54,10.3,6,0.5060918462980319
7.4,0.55,0.68,10.5,5,0.6284658040665434
7.4,0.74,0.48,10.0,5,0.441988950276243
7.4,0.55,0.68,10.5,5,0.6284658040665434
6.9,0.41,0.75,11.1,6,0.6938020351526365
7.1,0.6,0.61,10.9,6,0.5653382761816497
7.1,0.6,0.61,10.9,6,0.5653382761816497
7.5,0.58,0.59,9.8,5,0.5478180129990715
7.1,0.72,0.58,9.8,5,0.5164737310774711
7.9,0.66,0.58,9.5,5,0.5291970802919708
7.8,0.7,0.69,10.9,5,0.6394810009267841
6.1,0.64,0.45,11.0,5,0.420954162768943
7.5,0.59,0.42,9.2,5,0.38817005545286504
7.0,0.58,0.7,11.0,6,0.6451612903225806
6.8,0.64,0.63,11.3,6,0.5609973285841496
6.8,0.64,0.63,11.3,6,0.5609973285841496
8.6,0.635,1.15,9.3,5,0.8196721311475409
6.3,1.02,0.55,11.2,4,0.5078485687903971
9.8,0.45,0.58,9.8,5,0.5365402405180388
8.2,0.78,0.46,9.6,4,0.4224058769513315
8.5,0.37,0.72,11.8,6,0.6754221388367729
7.2,0.57,0.6,10.3,6,0.5550416281221091
7.2,0.57,0.6,10.3,6,0.5550416281221091
10.4,0.43,0.87,11.4,6,0.8146067415730337
6.9,0.41,0.55,9.5,6,0.509731232622799
5.5,0.49,0.82,14.0,8,0.7854406130268199
5.0,0.38,0.75,14.0,6,0.7156488549618321
7.3,0.44,0.57,11.7,6,0.5433746425166825
5.9,0.46,0.53,11.2,5,0.4921077065923863
7.5,0.58,0.43,9.3,5,0.40074557315936626
7.8,0.58,0.53,11.2,6,0.4809437386569873
8.0,0.715,0.54,9.5,6,0.5023255813953489
8.5,0.4,0.56,12.0,4,0.5333333333333333
7.0,0.69,0.6,9.7,6,0.5385996409335726
8.0,0.715,0.54,9.5,6,0.5023255813953489
9.8,0.3,0.57,11.5,7,0.5367231638418078
7.1,0.46,0.64,10.4,6,0.5942432683379759
7.1,0.46,0.64,10.4,6,0.5942432683379759
7.9,0.765,0.68,10.9,6,0.6273062730627307
8.7,0.63,0.63,10.2,6,0.5748175182481752
7.0,0.42,0.56,10.9,5,0.5228758169934641
11.3,0.37,0.57,10.5,5,0.5229357798165136
7.1,0.16,0.54,12.4,6,0.5056179775280899
8.0,0.6,0.37,13.0,5,0.35037878787878785
7.0,0.6,1.17,10.2,5,1.095505617977528
7.0,0.6,1.17,10.2,5,1.095505617977528
7.6,0.74,0.59,11.0,5,0.5363636363636363
8.2,0.635,0.75,10.9,6,0.6989748369058714
5.9,0.395,0.67,12.4,6,0.634469696969697
7.5,0.755,0.49,9.7,4,0.45202952029520294
8.2,0.635,0.75,10.9,6,0.6989748369058714
6.6,0.63,0.45,9.5,5,0.4117108874656908
6.6,0.63,0.45,9.5,5,0.4117108874656908
7.2,0.53,0.61,12.1,6,0.5733082706766917
5.7,0.6,0.56,12.2,6,0.5268109125117593
7.6,1.58,0.4,10.9,3,0.3518029903254178
5.2,0.645,0.61,12.5,6,0.5648148148148148
6.7,0.86,0.74,11.7,6,0.6727272727272726
9.1,0.37,0.8,11.2,6,0.7518796992481203
8.0,0.28,0.66,11.2,5,0.6105457909343202
7.6,0.79,0.44,9.2,5,0.4047838086476541
7.5,0.61,0.53,9.8,5,0.49394221808014915
9.7,0.69,0.62,10.1,5,0.5698529411764706
6.8,0.68,0.52,11.1,4,0.48689138576779023
9.7,0.69,0.62,10.1,5,0.5698529411764706
7.0,0.62,0.61,9.2,5,0.5695611577964519
7.5,0.61,0.53,9.8,5,0.49394221808014915
6.5,0.51,0.59,12.8,6,0.5545112781954886
8.0,1.18,0.47,10.5,5,0.43397968605724835
7.0,0.36,0.54,10.1,6,0.4972375690607735
7.0,0.36,0.53,10.1,6,0.4880294659300184
7.5,0.63,0.58,9.8,6,0.5355493998153278
5.4,0.74,0.59,12.5,6,0.5667627281460135
9.9,0.44,0.69,11.9,6,0.6324472960586618
7.5,0.63,0.58,9.8,6,0.5355493998153278
9.1,0.76,1.33,9.1,6,0.9405940594059407
9.7,0.66,0.66,10.1,5,0.603290676416819
5.0,0.74,0.59,12.5,6,0.5667627281460135
9.1,0.34,0.55,11.4,5,0.5198487712665406
9.1,0.36,0.82,11.0,7,0.7735849056603773
6.7,0.46,0.6,10.6,6,0.5571030640668524
6.7,0.46,0.6,10.6,6,0.5571030640668524
6.7,0.46,0.6,10.6,6,0.5571030640668524
6.7,0.46,0.6,10.6,6,0.5571030640668524
6.5,0.52,0.52,9.3,5,0.4846225535880709
7.4,0.6,0.56,9.8,6,0.5170821791320407
7.4,0.6,0.56,9.8,6,0.5170821791320407
7.8,0.87,0.46,9.2,5,0.41553748870822044
8.4,0.39,0.43,9.7,6,0.4
9.1,0.775,0.51,9.6,5,0.4726598702502317
7.2,0.835,0.52,10.0,5,0.4459691252144083
6.6,0.58,0.66,12.6,6,0.617399438727783
6.0,0.5,0.45,9.5,5,0.4257332071901609
6.0,0.5,0.45,9.5,5,0.4257332071901609
6.0,0.5,0.45,9.5,5,0.4257332071901609
7.5,0.51,0.54,10.5,6,0.4981549815498155
7.5,0.51,0.54,10.5,6,0.4981549815498155
7.5,0.51,0.54,10.5,6,0.4981549815498155
7.6,0.54,0.51,10.4,6,0.4700460829493088
7.5,0.51,0.54,10.5,6,0.4981549815498155
11.5,0.42,0.53,11.0,5,0.4921077065923863
8.2,0.44,0.53,10.2,6,0.4985888993414864
6.1,0.59,0.56,11.4,5,0.5303030303030303
7.2,0.655,0.39,9.5,5,0.36178107606679033
7.2,0.655,0.39,9.5,5,0.36178107606679033
6.9,0.57,0.52,10.8,5,0.48103607770582796
9.0,0.6,0.57,10.0,5,0.5332086061739943
7.2,0.62,0.51,11.8,6,0.47887323943661975
7.6,0.645,0.46,10.3,5,0.42357274401473294
7.6,0.645,0.46,10.3,5,0.42357274401473294
7.2,0.58,0.52,10.0,5,0.4828226555246054
6.1,0.32,0.44,10.1,5,0.4051565377532228
6.1,0.34,0.44,10.1,5,0.4059040590405904
7.3,0.43,0.59,11.1,6,0.5473098330241186
7.4,0.64,0.5,9.5,5,0.42808219178082196
11.6,0.475,0.65,10.0333333333333,6,0.5957836846929423
9.2,0.54,0.56,10.9,5,0.5035971223021583
8.3,0.85,0.54,10.1,5,0.49405306495882895
11.6,0.475,0.65,10.0333333333333,6,0.5957836846929423
8.0,0.83,0.48,9.8,4,0.4444444444444444
7.2,0.605,0.53,11.8,6,0.4835766423357664
7.8,0.5,0.62,9.5,5,0.5560538116591929
7.3,0.74,0.5,9.8,5,0.45703839122486284
6.9,0.54,1.18,10.5,6,1.0845588235294117
8.0,0.77,0.5,9.8,6,0.4633920296570899
6.6,0.61,0.37,10.4,4,0.3461178671655753
8.7,0.78,1.17,9.2,5,0.8268551236749115
7.5,0.58,1.03,11.6,6,0.8933217692974849
8.7,0.78,1.17,9.2,5,0.8268551236749115
7.7,0.75,0.45,9.3,5,0.4054054054054054
6.8,0.815,0.51,9.8,3,0.4025256511444357
7.2,0.56,0.52,9.9,5,0.4801477377654663
8.2,0.885,0.46,10.0,5,0.42357274401473294
5.2,0.49,0.62,12.2,6,0.5688073394495412
7.2,0.45,0.51,9.9,6,0.47309833024118736
7.5,0.57,0.62,10.8,6,0.5756731662024142
7.5,0.57,0.62,10.8,6,0.5756731662024142
6.8,0.83,0.45,9.6,5,0.41899441340782123
8.0,0.6,0.49,9.9,5,0.45370370370370366
8.0,0.6,0.49,9.9,5,0.45370370370370366
7.1,0.755,0.5,9.5,5,0.4516711833785005
8.0,0.81,0.42,9.2,5,0.3903345724907063
7.4,0.64,0.58,9.6,5,0.5272727272727272
7.4,0.64,0.58,9.6,5,0.5272727272727272
6.6,0.64,0.68,10.3,5,0.6278855032317637
6.7,0.48,0.53,9.7,5,0.49074074074074076
6.0,0.49,0.59,12.5,6,0.5524344569288389
8.0,0.64,0.58,11.0,5,0.5301645338208408
7.1,0.62,0.48,9.8,5,0.44859813084112143
8.0,0.52,0.48,10.2,5,0.44526901669758806
6.4,0.57,0.48,9.2,5,0.44859813084112143
8.6,0.685,0.65,9.55,6,0.5952380952380952
8.7,0.675,0.65,9.55,5,0.5963302752293578
7.3,0.59,0.52,9.9,5,0.48148148148148145
7.0,0.6,0.62,10.2,7,0.5724838411819021
7.2,0.67,0.72,11.1,6,0.6741573033707865
7.9,0.69,0.51,9.9,5,0.4722222222222222
7.9,0.69,0.51,9.9,5,0.4722222222222222
7.6,0.3,0.82,11.9,6,0.7794676806083649
7.2,0.33,1.1,10.0,8,1.0367577756833177
8.0,0.5,0.62,10.7,6,0.5730129390018484
7.7,0.28,0.9,11.3,7,0.847457627118644
8.2,0.24,0.94,10.9,6,0.8851224105461393
6.0,0.51,0.93,10.7,6,0.8740601503759399
8.1,0.29,1.01,12.4,7,0.9637404580152672
6.0,0.51,0.93,10.7,6,0.8740601503759399
6.6,0.96,0.44,11.9,6,0.4066543438077634
6.4,0.47,0.73,10.6,6,0.6816059757236228
8.2,0.24,0.94,10.9,6,0.8851224105461393
9.9,0.57,0.9,10.1,5,0.8152173913043478
10.0,0.32,0.78,9.6,5,0.7242339832869081
6.2,0.58,0.84,9.4,5,0.7887323943661972
10.0,0.32,0.78,9.6,5,0.7242339832869081
7.3,0.34,0.77,12.1,7,0.7236842105263158
7.8,0.53,0.46,9.8,5,0.4271123491179202
7.7,0.64,0.45,9.9,5,0.4178272980501393
7.8,0.53,0.46,9.8,5,0.4271123491179202
7.5,0.4,0.58,9.4,5,0.5375347544022243
7.0,0.54,0.84,11.4,6,0.7784986098239111
6.4,0.53,0.67,11.0,4,0.5966162065894924
8.3,0.26,0.7,9.6,6,0.6505576208178437
8.3,0.26,0.7,9.6,6,0.6505576208178437
7.7,0.23,0.71,12.1,6,0.6787762906309751
7.6,0.41,0.58,11.2,5,0.5380333951762523
7.8,0.64,0.63,11.0,5,0.5876865671641791
7.9,0.18,0.93,11.3,5,0.8865586272640611
7.4,0.41,0.62,10.4,5,0.5816135084427767
7.6,0.43,0.54,9.9,6,0.5051449953227316
5.9,0.44,0.85,11.7,6,0.8157389635316699
6.1,0.4,0.74,10.1,7,0.6922357343311506
10.2,0.54,0.77,9.0,6,0.6342668863261944
10.2,0.54,0.77,9.0,6,0.6342668863261944
10.0,0.38,0.65,8.5,5,0.5560307955517536
6.8,0.915,0.54,11.1,5,0.5046728971962617
7.0,0.59,0.47,10.3,5,0.44676806083650183
7.3,0.67,0.68,11.0666666666667,6,0.6343283582089553
7.2,0.37,0.73,11.3,7,0.687382297551789
7.4,0.785,0.52,9.56666666666667,6,0.4753199268738574
6.9,0.63,0.75,9.8,5,0.6957328385899814
6.9,0.58,0.49,11.7,5,0.46313799621928164
7.3,0.67,0.68,11.1,6,0.6343283582089553
7.4,0.785,0.52,9.6,6,0.4753199268738574
6.9,0.63,0.75,9.8,5,0.6957328385899814
6.8,0.67,0.74,9.7,5,0.6851851851851851
6.9,0.58,0.73,9.7,5,0.6759259259259258
7.2,0.38,0.76,11.3,8,0.7196969696969697
7.2,0.37,0.73,11.3,7,0.687382297551789
7.8,0.32,0.78,11.0,7,0.7065217391304347
6.6,0.58,0.76,11.6,7,0.7156308851224105
7.6,0.49,0.58,9.0,5,0.5400372439478583
11.7,0.45,0.69,10.9,6,0.6430568499534016
6.5,0.9,0.63,10.9,6,0.5988593155893536
6.0,0.54,0.5,10.55,6,0.47619047619047616
7.6,0.49,0.58,9.0,5,0.5400372439478583
8.4,0.29,0.6,10.5,5,0.5623242736644799
7.9,0.2,0.8,11.9,7,0.7590132827324478
6.4,0.42,0.68,10.4,6,0.6451612903225806
6.2,0.785,0.61,10.0,4,0.5754716981132075
6.8,0.64,0.58,10.4,6,0.5395348837209302
6.9,0.63,0.53,10.8,6,0.49256505576208176
6.8,0.59,0.67,9.7,5,0.6302916274694262
6.8,0.59,0.67,9.7,5,0.6302916274694262
7.3,0.48,0.65,10.0,7,0.6120527306967984
6.7,1.04,0.57,11.0,4,0.5342080599812559
7.3,0.48,0.65,10.0,7,0.6120527306967984
7.3,0.98,0.55,9.7,3,0.5183788878416589
10.0,0.69,0.47,9.7,5,0.4335793357933579
6.7,0.7,0.52,12.6,5,0.4873477038425492
7.6,0.35,0.79,11.1,6,0.7362534948741846
6.1,0.6,0.54,11.0,5,0.504201680672269
9.9,0.5,0.75,8.8,5,0.6224066390041494
5.3,0.47,0.88,13.5666666666667,7,0.8396946564885496
9.9,0.5,0.75,8.8,5,0.6224066390041494
5.3,0.47,0.88,13.6,7,0.8396946564885496
7.1,0.875,0.52,10.2,3,0.4805914972273567
8.2,0.28,0.68,10.6,5,0.6159420289855072
5.6,0.62,0.62,10.1,4,0.5740740740740741
8.2,0.28,0.68,10.6,5,0.6159420289855072
7.2,0.58,0.57,10.3,4,0.511669658886894
8.1,0.33,0.61,10.7,5,0.5854126679462571
6.8,0.91,0.64,10.9,4,0.6037735849056604
7.0,0.655,0.55,9.7,5,0.5121042830540037
6.8,0.68,0.6,10.3,5,0.5607476635514018
6.0,0.64,0.78,10.6,5,0.7317073170731707
5.6,0.54,0.58,11.4,5,0.5529075309818875
6.2,0.57,0.76,10.8,6,0.7251908396946565
7.1,0.22,0.56,12.4,6,0.5389797882579405
5.6,0.54,0.58,11.4,5,0.5529075309818875
6.2,0.65,0.54,11.95,5,0.5142857142857143
7.7,0.54,0.59,9.7,5,0.54178145087236
6.4,0.31,0.7,10.0,7,0.6566604127579737
7.0,0.43,0.81,10.6,6,0.75
7.7,0.54,0.59,9.7,5,0.54178145087236
6.9,0.74,0.63,11.5,6,0.5977229601518026
6.6,0.895,0.58,10.8,6,0.543071161048689
6.9,0.74,0.63,11.5,6,0.5977229601518026
7.5,0.725,0.53,9.6,5,0.49256505576208176
7.8,0.82,0.53,9.4,5,0.4893813481071099
7.3,0.585,0.54,9.8,5,0.5009276437847866
6.2,0.44,0.69,11.0,6,0.6406685236768802
7.5,0.38,0.55,11.4,6,0.4972875226039783
6.7,0.76,0.63,9.95,3,0.5844155844155844
6.8,0.81,0.66,10.8,6,0.616822429906542
7.5,0.38,0.55,11.4,6,0.4972875226039783
7.1,0.27,0.72,10.6,6,0.6703910614525139
7.9,0.18,0.7,11.1,5,0.6591337099811675
6.4,0.36,0.77,9.7,6,0.7354345749761223
7.1,0.69,0.67,9.8,5,0.6273408239700374
6.4,0.79,0.65,10.4,6,0.6126295947219604
6.4,0.56,0.6,10.5,6,0.5565862708719851
6.9,0.84,0.72,9.23333333333333,6,0.6703910614525139
6.9,0.84,0.72,9.25,6,0.6703910614525139
6.1,0.32,0.97,10.6,5,0.9056956115779645
6.5,0.53,0.83,10.3,6,0.7808090310442145
7.4,0.47,0.63,10.5,5,0.5655296229802513
6.6,0.7,0.58,10.2,5,0.5244122965641952
6.5,0.53,0.83,10.3,6,0.7808090310442145
6.9,0.48,0.43,9.05,4,0.3974121996303142
6.1,0.32,0.97,10.6,5,0.9056956115779645
6.8,0.48,0.6,10.4,5,0.5576208178438661
6.0,0.42,0.78,10.0,6,0.7255813953488373
6.7,0.48,0.64,9.7,5,0.6015037593984962
6.8,0.47,0.65,9.6,6,0.6109022556390977
7.1,0.53,0.66,10.8,6,0.6162464985994398
7.9,0.29,0.67,10.1,6,0.6113138686131386
7.1,0.69,0.6,10.2,6,0.5644402634054563
6.6,0.44,0.69,11.3,6,0.6491063029162747
6.1,0.705,0.66,10.2,5,0.6105457909343202
7.2,0.53,0.68,9.9,6,0.6427221172022685
8.0,0.39,0.61,9.0,5,0.5679702048417131
6.6,0.56,0.62,11.7,7,0.5827067669172932
7.0,0.55,0.59,9.7,6,0.5488372093023256
6.1,0.53,0.68,10.3,6,0.6313834726090994
5.4,0.58,0.64,10.2,6,0.6043437204910294
6.2,0.64,0.63,12.0,5,0.5827937095282146
7.2,0.39,0.78,9.9,5,0.7323943661971831
6.2,0.52,0.63,11.6,6,0.5882352941176471
7.4,0.25,0.76,10.9,7,0.7210626185958254
6.7,0.855,0.56,10.75,6,0.5263157894736842
11.1,0.44,0.57,10.4,6,0.5357142857142856
8.4,0.37,0.81,11.2,7,0.7619943555973661
6.5,0.63,0.64,10.1,6,0.6043437204910294
7.0,0.57,0.61,10.2,5,0.5690298507462687
6.3,0.6,0.51,12.1,5,0.4866412213740458
11.2,0.4,0.58,10.4,5,0.5277525022747952
7.4,0.36,0.7,11.4,8,0.6517690875232773
7.1,0.68,0.53,9.5,5,0.4875804967801288
7.1,0.67,0.54,9.4,5,0.49861495844875353
6.3,0.68,0.66,11.3,6,0.5983680870353582
7.3,0.735,0.6,9.4,5,0.5555555555555555
6.6,0.855,0.6,11.0,6,0.5649717514124293
7.0,0.56,0.68,10.55,7,0.6384976525821597
6.6,0.88,0.56,9.9,5,0.525328330206379
6.6,0.855,0.6,11.0,6,0.5649717514124293
6.9,0.63,0.56,9.5,5,0.4534412955465588
7.8,0.6,0.52,9.9,5,0.48148148148148145
7.8,0.6,0.52,9.9,5,0.48148148148148145
7.8,0.6,0.52,9.9,5,0.48148148148148145
7.2,0.695,0.54,10.1,5,0.5018587360594795
7.2,0.695,0.54,10.1,5,0.5018587360594795
7.2,0.695,0.54,10.1,5,0.5018587360594795
6.7,0.67,0.82,10.9,6,0.7728557964184731
6.7,0.16,0.71,11.2,6,0.6704438149197356
7.2,0.695,0.54,10.1,5,0.5018587360594795
7.0,0.56,0.59,9.2,5,0.5478180129990715
6.2,0.51,0.57,11.5,6,0.5397727272727272
6.4,0.36,0.93,12.4,6,0.7560975609756098
6.4,0.38,0.65,11.1,6,0.626204238921002
7.3,0.69,0.51,9.5,5,0.4770813844714687
6.0,0.58,0.67,12.5,6,0.6232558139534884
5.6,0.31,0.48,10.5,6,0.44692737430167595
7.5,0.52,0.64,11.8,6,0.6037735849056604
8.0,0.3,0.78,10.8,6,0.7215541165587419
6.2,0.7,0.6,11.9,6,0.5576208178438661
6.8,0.67,0.67,11.3,6,0.599284436493739
6.2,0.56,0.6,11.3,5,0.5698005698005698
7.4,0.35,0.6,11.9,6,0.5617977528089887
6.2,0.56,0.6,11.3,5,0.5698005698005698
6.1,0.715,0.5,11.9,5,0.47483380816714155
6.2,0.46,0.62,9.8,5,0.5772811918063314
6.7,0.32,0.8,11.6,7,0.7540056550424129
7.2,0.39,0.84,11.5,6,0.7879924953095684
7.5,0.31,0.85,11.4,6,0.7981220657276995
5.8,0.61,0.66,10.9,6,0.6191369606003753
7.2,0.66,0.78,12.8,6,0.7303370786516854
6.6,0.725,0.54,9.2,5,0.5032618825722275
6.3,0.55,0.82,11.6,6,0.7613741875580315
5.4,0.74,0.56,11.6,6,0.5142332415059688
6.3,0.51,0.75,11.0,6,0.6970260223048327
6.8,0.62,0.82,9.5,6,0.7677902621722845
6.2,0.6,0.58,10.5,5,0.5321100917431192
5.9,0.55,0.76,11.2,6,0.7156308851224105
6.3,0.51,0.75,11.0,6,0.6970260223048327
5.9,0.645,0.71,10.2,5,0.6604651162790698
6.0,0.31,0.66,11.0,6,0.6185567010309279
