volatile acidity,chlorides,density,sulphates,alcohol,target
0.7,0.076,0.9978,0.56,9.4,5
0.88,0.098,0.9968,0.68,9.8,5
0.76,0.092,0.997,0.65,9.8,5
0.28,0.075,0.998,0.58,9.8,6
0.7,0.076,0.9978,0.56,9.4,5
0.66,0.075,0.9978,0.56,9.4,5
0.6,0.069,0.9964,0.46,9.4,5
0.65,0.065,0.9946,0.47,10.0,7
0.58,0.073,0.9968,0.57,9.5,7
0.5,0.071,0.9978,0.8,10.5,5
0.58,0.097,0.9959,0.54,9.2,5
0.5,0.071,0.9978,0.8,10.5,5
0.615,0.089,0.9943,0.52,9.9,5
0.61,0.114,0.9974,1.56,9.1,5
0.62,0.176,0.9986,0.88,9.2,5
0.62,0.17,0.9986,0.93,9.2,5
0.28,0.092,0.9969,0.75,10.5,7
0.56,0.368,0.9968,1.28,9.3,5
0.59,0.086,0.9974,0.5,9.0,4
0.32,0.341,0.9969,1.08,9.2,6
0.22,0.077,0.9968,0.53,9.4,6
0.39,0.082,0.9982,0.65,9.7,5
0.43,0.106,0.9966,0.91,9.5,5
0.49,0.084,0.9968,0.53,9.4,5
0.4,0.085,0.9968,0.63,9.7,6
0.39,0.08,0.9955,0.56,9.3,5
0.41,0.08,0.9962,0.59,9.5,5
0.43,0.106,0.9966,0.91,9.5,5
0.71,0.08,0.9972,0.55,9.4,5
0.645,0.082,0.9964,0.59,9.8,6
0.675,0.089,0.9958,0.54,10.1,5
0.685,0.105,0.9966,0.57,10.6,6
0.655,0.083,0.9966,0.66,9.8,5
0.605,0.073,0.9993,0.52,9.4,6
0.32,0.103,0.9957,0.55,9.2,5
0.645,0.086,0.9986,0.55,9.6,6
0.6,0.086,0.9975,0.6,10.8,6
0.38,0.066,0.9968,0.73,9.7,7
1.13,0.172,0.994,0.48,9.8,4
0.45,0.074,0.9978,0.83,10.5,5
0.45,0.074,0.9978,0.83,10.5,5
0.61,0.088,0.9976,0.51,9.3,4
0.49,0.332,0.9968,0.9,10.5,6
0.66,0.069,0.9968,1.2,10.3,5
0.67,0.05,0.9962,0.52,9.5,5
0.52,0.054,0.9934,0.56,13.1,4
0.935,0.114,0.997,0.73,9.2,5
0.29,0.113,0.9969,0.58,9.5,5
0.4,0.066,0.9958,0.56,9.2,5
0.31,0.074,0.9954,0.58,9.2,5
0.66,0.074,0.9971,0.74,9.2,5
0.52,0.069,0.9956,0.63,9.4,6
0.5,0.068,0.9955,0.64,9.4,6
0.38,0.081,0.997,0.56,9.4,5
0.51,0.11,0.9955,0.63,10.2,6
0.62,0.084,0.9978,0.53,9.5,5
0.42,0.07,0.9971,0.63,9.6,5
0.63,0.111,0.9983,0.77,9.4,5
0.59,0.076,0.9975,0.59,10.0,5
0.39,0.074,0.9962,0.54,9.4,6
0.4,0.079,0.998,0.64,9.2,5
0.69,0.115,0.9968,0.71,9.3,5
0.52,0.085,0.9968,0.62,9.5,7
0.735,0.081,0.9966,0.57,9.8,5
0.725,0.086,0.9962,0.39,10.9,5
0.725,0.086,0.9962,0.39,10.9,5
0.52,0.079,0.9968,0.58,9.6,5
0.705,0.076,0.9962,0.58,10.7,5
0.32,0.074,0.9969,0.79,10.7,5
0.705,0.074,0.9962,0.95,10.5,6
0.63,0.076,0.9967,0.54,9.5,6
0.67,0.088,0.9962,0.48,9.5,5
0.69,0.084,0.9961,0.48,9.5,5
0.675,0.084,0.9976,0.53,9.2,4
0.32,0.094,0.9984,0.82,9.6,5
0.41,0.093,0.9986,0.66,10.5,5
0.41,0.093,0.9986,0.66,10.5,5
0.785,0.104,0.9966,0.55,10.7,6
0.75,0.086,0.9958,0.52,10.1,5
0.625,0.08,0.9972,1.12,9.1,4
0.45,0.069,0.9958,0.56,9.2,5
0.43,0.464,0.9974,1.28,9.4,5
0.5,0.086,0.997,0.57,9.1,5
0.67,0.401,0.9969,1.14,9.4,5
0.3,0.069,0.9959,0.78,10.3,6
0.55,0.076,0.9961,0.59,10.1,5
0.49,0.11,0.9972,1.95,9.9,6
0.49,0.062,0.9966,0.64,9.6,5
0.39,0.107,0.9978,1.22,9.5,5
0.62,0.076,0.9978,0.53,9.0,5
0.52,0.079,0.9964,0.54,9.5,5
0.49,0.11,0.9972,1.95,9.9,6
0.49,0.11,0.9972,1.98,9.8,5
0.49,0.062,0.9966,0.64,9.6,5
1.02,0.045,0.9938,0.48,10.5,4
0.6,0.058,0.9932,0.6,12.9,6
0.775,0.102,0.9965,0.56,10.7,5
0.5,0.07,0.9963,0.63,9.2,5
0.9,0.079,0.9967,0.56,9.8,5
0.545,0.08,0.9972,0.59,9.0,6
0.61,0.084,0.9972,0.61,10.2,6
0.5,0.075,0.9959,0.56,10.4,6
0.545,0.08,0.9972,0.59,9.0,6
0.575,0.077,0.9967,0.51,9.2,5
0.49,0.07,0.996,0.48,9.4,5
0.575,0.077,0.9967,0.51,9.2,5
0.41,0.467,0.9973,1.31,9.3,5
0.63,0.088,0.9969,0.79,9.3,5
0.33,0.091,0.9976,0.8,9.6,6
0.785,0.122,0.9969,0.69,9.3,5
0.56,0.104,0.9964,0.93,9.5,5
0.62,0.084,0.9964,0.66,9.8,5
0.6,0.085,0.9964,0.66,9.8,5
0.31,0.08,0.9988,0.67,9.7,6
0.56,0.104,0.9964,0.93,9.5,5
0.4,0.09,0.9966,0.63,10.5,6
0.54,0.077,0.9978,0.61,10.0,6
0.56,0.082,0.997,0.5,9.4,6
0.55,0.119,0.9962,0.6,10.9,6
0.69,0.097,0.9959,0.54,9.2,6
1.07,0.178,0.9962,0.57,9.0,5
0.55,0.119,0.9962,0.6,10.9,6
0.695,0.075,0.998,0.52,9.2,5
0.71,0.08,0.9976,0.53,9.5,5
0.5,0.082,0.996,0.48,9.5,5
0.62,0.146,0.9984,0.7,9.4,5
1.33,0.081,0.9964,0.49,10.9,5
1.33,0.082,0.9964,0.48,10.9,5
0.59,0.065,0.9962,0.92,10.5,7
0.38,0.072,0.9955,0.57,9.4,5
0.745,0.118,0.9968,0.66,9.4,5
0.5,0.049,0.9937,0.63,13.0,5
0.5,0.049,0.9937,0.63,13.0,5
0.5,0.06,0.9952,0.58,9.8,6
1.04,0.084,0.9959,0.55,9.9,6
0.745,0.09,0.9965,0.82,9.6,5
0.715,0.089,0.9968,0.77,9.5,5
0.415,0.081,0.9972,0.64,9.2,5
0.56,0.081,0.9962,0.54,9.5,5
0.56,0.081,0.9962,0.54,9.5,5
0.745,0.09,0.9965,0.82,9.6,5
0.715,0.089,0.9968,0.77,9.5,5
0.34,0.05,0.9916,0.79,14.0,6
0.39,0.066,0.9954,0.58,9.4,5
0.34,0.05,0.9916,0.79,14.0,6
0.67,0.117,0.9968,0.62,9.4,5
0.68,0.087,0.9944,0.52,10.0,5
0.49,0.236,0.9968,0.8,9.3,5
0.49,0.074,0.9959,0.58,10.2,6
0.4,0.089,0.9975,0.61,10.5,6
0.33,0.077,0.9958,0.53,10.3,6
0.52,0.61,0.9996,2.0,9.4,4
0.6,0.095,0.995,0.54,10.1,5
0.6,0.095,0.995,0.54,10.1,5
0.43,0.07,0.9973,0.72,10.5,5
0.43,0.071,0.9973,0.71,10.5,5
0.43,0.07,0.9973,0.72,10.5,5
0.43,0.071,0.9973,0.71,10.5,5
0.68,0.073,0.9969,0.5,9.3,5
0.6,0.079,0.9968,0.57,9.3,6
0.95,0.09,0.9959,0.56,9.6,5
0.68,0.072,0.9965,1.08,9.2,4
0.53,0.076,0.9964,0.56,10.0,6
0.6,0.07,0.9982,0.49,9.4,5
0.59,0.07,0.9981,0.49,9.4,5
0.63,0.1,0.9961,0.62,9.5,5
0.64,0.085,0.9956,0.52,10.2,5
0.55,0.072,0.9956,0.48,9.0,4
0.63,0.089,0.9953,0.55,10.4,6
0.705,0.36,0.9964,1.59,9.5,5
0.885,0.058,0.9972,0.33,9.1,4
0.42,0.073,0.9972,0.61,9.2,6
0.42,0.073,0.9972,0.61,9.2,6
0.62,0.068,0.9961,0.57,11.5,6
0.38,0.08,0.9961,0.47,9.5,5
0.5,0.085,0.9958,0.78,9.5,5
0.38,0.08,0.9961,0.47,9.5,5
0.52,0.087,0.9972,0.61,10.5,6
0.805,0.068,0.9969,0.56,9.6,5
0.61,0.067,0.9969,0.59,9.5,5
0.61,0.067,0.9969,0.59,9.5,5
0.61,0.27,0.9972,1.02,9.3,5
0.73,0.076,0.9972,0.52,9.3,5
0.61,0.077,0.9971,0.58,9.3,5
0.62,0.079,0.997,0.58,9.3,6
0.31,0.111,0.9971,0.53,9.7,5
0.39,0.082,0.9972,0.55,9.2,5
0.705,0.084,0.9976,0.49,9.7,5
0.5,0.084,0.9968,0.55,9.5,5
0.49,0.082,0.9968,0.55,9.5,5
0.5,0.077,0.9976,0.62,9.4,5
0.37,0.074,0.9974,0.62,9.8,6
0.63,0.099,0.9969,0.61,9.5,5
0.55,0.071,0.9964,0.55,9.7,5
0.55,0.071,0.9964,0.55,9.7,5
0.59,0.074,0.9968,0.54,9.4,5
0.58,0.074,0.9968,0.59,10.2,5
0.3,0.067,0.9981,0.97,10.1,6
0.835,0.046,0.9924,0.85,13.0,7
1.09,0.061,0.9948,0.43,11.4,4
0.32,0.056,0.99695,0.82,10.3,7
0.37,0.097,0.9975,1.03,9.3,5
0.5,0.075,0.99545,0.79,9.5,5
0.42,0.088,0.9961,0.55,9.2,5
0.43,0.089,0.99615,0.56,9.2,6
0.3,0.095,0.9994,0.77,10.8,7
0.3,0.095,0.9994,0.77,10.8,7
0.57,0.069,0.99625,0.53,9.3,5
0.44,0.1,0.9966,0.67,9.4,5
0.3,0.054,0.998,0.88,10.5,7
0.53,0.039,0.99585,0.86,12.4,6
0.725,0.083,0.99685,0.56,10.0,6
0.44,0.059,0.998,0.67,10.2,6
0.57,0.06,0.9959,0.43,10.1,5
0.735,0.092,0.9974,0.71,9.8,6
0.49,0.06,0.9974,0.76,10.5,5
0.625,0.101,0.9962,0.57,11.0,5
0.725,0.072,0.9967,0.55,9.1,5
0.49,0.076,0.9957,0.54,9.7,5
0.53,0.08,0.99655,0.6,9.5,5
0.34,0.082,0.9964,0.59,9.4,6
0.53,0.101,0.9957,0.57,9.4,5
0.61,0.057,0.99525,0.6,9.5,5
0.645,0.083,0.99815,0.6,10.0,6
0.635,0.089,0.99745,0.57,10.4,4
0.43,0.073,0.99615,0.58,10.5,6
0.59,0.337,0.9964,1.61,9.5,6
0.82,0.089,0.9984,0.63,9.8,5
0.43,0.073,0.99615,0.58,10.5,6
0.52,0.081,0.99685,0.5,11.0,5
0.48,0.054,0.9927,0.62,12.2,7
0.38,0.078,0.99625,0.52,9.9,6
0.37,0.09,0.998,0.7,9.6,6
0.52,0.081,0.99685,0.5,11.0,5
1.0,0.065,0.99685,0.55,9.0,6
0.63,0.097,0.99675,0.58,9.0,6
0.63,0.097,0.99675,0.58,9.0,6
0.645,0.097,0.99675,0.58,9.2,6
0.63,0.097,0.99675,0.58,9.0,6
1.0,0.065,0.99685,0.55,9.0,6
0.635,0.263,0.9971,1.09,9.3,5
0.38,0.093,0.99925,0.71,10.9,6
0.58,0.102,0.99565,0.49,9.8,6
0.21,0.075,1.00005,0.84,9.2,7
0.21,0.075,1.00005,0.84,9.2,7
0.66,0.084,0.9983,0.96,9.9,6
0.68,0.075,0.99685,0.52,9.5,5
0.6,0.072,0.9963,0.45,9.3,5
0.53,0.074,0.99615,0.48,9.8,6
0.66,0.084,0.9983,0.96,9.9,6
0.32,0.063,0.9985,0.78,10.0,6
0.6,0.074,0.9972,0.7,9.9,6
0.35,0.09,0.9986,0.53,10.5,5
0.775,0.092,0.9959,0.59,9.5,5
0.6,0.074,0.9972,0.7,9.9,6
0.57,0.073,0.99675,0.57,9.3,5
0.34,0.075,0.998,0.62,9.2,5
0.695,0.075,0.9968,0.67,9.2,5
0.41,0.611,0.9968,1.26,9.4,5
0.31,0.085,0.99965,0.8,10.5,7
0.33,0.077,0.99625,0.65,9.3,5
0.975,0.087,0.99565,0.6,9.4,4
0.52,0.07,0.99575,0.57,10.0,5
0.37,0.077,0.9963,0.67,9.3,5
0.56,0.064,0.9999,0.87,10.9,5
0.26,0.071,0.9968,0.72,10.2,7
0.87,0.096,1.00025,0.72,9.8,4
0.35,0.078,0.9973,0.86,12.8,8
0.54,0.077,0.9987,0.91,9.4,6
0.18,0.104,0.9996,0.97,10.1,6
0.545,0.087,0.9965,0.67,10.7,6
0.18,0.104,0.9996,0.97,10.1,6
0.37,0.071,0.99935,0.78,10.1,5
0.715,0.076,0.99735,0.64,9.4,5
0.65,0.088,0.99915,0.77,9.4,5
0.545,0.087,0.9965,0.67,10.7,6
0.54,0.077,0.9987,0.91,9.4,6
0.18,0.104,0.9996,0.97,10.1,6
0.32,0.073,0.9976,0.82,12.6,8
0.4,0.087,0.9991,0.77,10.5,7
0.26,0.071,0.9986,0.82,9.3,6
0.27,0.358,0.9972,1.08,9.9,7
0.52,0.067,0.9971,0.57,9.1,5
0.4,0.087,0.9991,0.77,10.5,7
0.59,0.102,1.00015,0.71,9.8,5
0.59,0.102,1.00015,0.71,9.8,5
0.45,0.073,0.9997,0.76,10.3,6
0.4,0.092,0.9967,0.7,10.3,6
0.52,0.091,0.9976,0.86,10.6,7
0.42,0.105,1.001,0.95,9.2,5
0.52,0.091,0.9976,0.86,10.6,7
0.2,0.343,0.9979,0.71,10.5,5
0.55,0.091,0.9994,0.64,10.3,6
0.36,0.098,0.9964,0.6,10.1,6
0.34,0.094,1.0014,0.81,9.5,6
0.5,0.073,1.0001,0.64,9.5,5
0.83,0.086,0.9981,0.52,9.9,5
0.63,0.083,0.99855,0.73,9.6,5
0.65,0.094,0.9993,0.8,9.7,5
0.67,0.08,0.99845,0.71,9.6,5
0.53,0.086,0.9965,0.59,10.7,6
0.18,0.068,0.9973,0.64,10.1,6
0.705,0.092,0.9994,0.72,10.0,5
0.67,0.186,0.996,0.54,9.5,5
0.65,0.112,0.9973,0.52,9.2,5
0.53,0.063,0.9998,0.59,9.3,6
0.62,0.082,0.9966,0.52,9.4,5
0.41,0.213,0.9994,0.62,9.5,6
0.43,0.214,0.9994,0.63,9.5,6
0.29,0.062,0.9968,0.53,9.5,6
0.53,0.063,0.9998,0.59,9.3,6
0.53,0.072,0.996,0.54,9.4,6
0.46,0.093,0.99815,0.63,9.5,6
0.47,0.076,0.9976,0.53,9.4,5
0.36,0.087,0.99645,0.68,11.0,5
0.35,0.096,0.9962,0.65,11.0,6
0.56,0.102,0.9996,0.65,10.1,5
0.77,0.082,0.99865,0.64,10.4,6
0.66,0.083,0.9989,0.71,11.5,7
0.77,0.082,0.99865,0.64,10.4,6
0.66,0.083,0.9989,0.71,11.5,7
0.61,0.09,0.99975,0.62,9.7,5
0.62,0.079,0.99735,0.63,9.3,5
0.59,0.09,0.999,0.7,9.5,6
0.49,0.071,1.0015,0.69,9.2,6
0.49,0.071,1.0015,0.69,9.2,6
0.53,0.121,0.9978,0.74,11.5,7
0.44,0.107,0.998,0.83,11.5,5
0.27,0.082,1.0002,0.67,9.7,6
0.46,0.061,0.9981,0.62,9.5,5
0.36,0.122,0.998,0.66,12.5,6
0.36,0.122,0.998,0.66,12.5,6
0.58,0.066,0.9973,0.54,9.4,6
0.56,0.105,0.9958,0.52,11.0,5
0.65,0.078,0.9963,0.74,11.7,7
0.695,0.128,0.9992,0.84,12.2,7
0.43,0.052,0.9948,0.7,12.5,6
0.43,0.08,0.9974,0.64,10.3,5
0.49,0.103,1.0008,1.0,11.5,6
0.28,0.082,0.9997,1.36,9.8,7
0.34,0.066,1.0,1.18,9.2,6
0.42,0.065,0.9972,0.87,11.3,6
0.39,0.118,0.9982,0.75,9.8,6
0.39,0.118,0.9982,0.75,9.8,6
0.57,0.082,1.0006,0.78,10.7,6
0.685,0.067,0.9979,0.81,9.9,5
0.815,0.072,0.9955,0.89,12.3,7
0.49,0.093,0.9986,0.93,12.0,6
0.56,0.089,0.9979,0.92,10.0,6
0.785,0.093,0.9994,0.86,9.4,6
0.67,0.107,1.0004,0.98,9.9,6
0.795,0.096,0.9994,0.83,9.4,6
0.665,0.09,0.9974,0.73,9.3,5
0.53,0.12,1.0018,0.77,13.0,5
0.21,0.066,0.9912,0.59,11.9,6
0.75,0.078,0.9955,0.61,12.8,6
0.41,0.08,1.0001,0.88,11.0,5
0.42,0.116,0.997,0.75,11.7,7
0.43,0.109,1.0,0.85,10.4,7
0.38,0.088,1.001,0.68,9.8,6
0.7,0.099,0.9973,0.7,9.4,5
0.45,0.086,0.9982,0.91,9.9,6
0.58,0.072,0.9992,0.56,10.0,5
0.46,0.071,0.9988,0.87,10.2,5
0.615,0.083,1.0022,0.73,10.0,7
0.42,0.107,0.9979,0.93,11.8,6
0.615,0.083,1.0022,0.73,10.0,7
0.575,0.076,1.0,0.69,9.0,5
0.34,0.159,0.9998,0.64,9.4,5
0.27,0.074,0.9962,1.13,12.0,7
0.765,0.063,0.9975,0.78,9.9,5
0.24,0.056,0.9967,0.87,8.7,6
0.28,0.067,0.9967,1.04,10.6,6
0.55,0.106,0.9959,0.63,9.2,5
0.41,0.089,1.0014,0.81,10.8,6
0.54,0.124,0.9984,0.83,11.8,7
0.45,0.078,1.0003,1.11,11.0,6
0.27,0.074,0.9962,1.13,12.0,7
0.625,0.088,0.9988,0.99,13.3,6
0.42,0.094,0.9979,0.7,10.8,6
0.26,0.08,0.9974,0.8,9.4,6
0.415,0.085,1.0014,0.8,10.0,6
0.26,0.08,0.9974,0.8,9.4,6
0.26,0.08,0.9974,0.8,9.4,6
0.51,0.087,0.998,0.74,9.2,5
0.63,0.09,0.9979,0.76,9.7,6
0.54,0.088,0.9981,0.74,9.2,6
0.66,0.079,0.9972,0.54,9.6,6
0.46,0.088,0.9981,0.74,9.2,6
0.38,0.096,0.9982,0.7,10.0,7
0.85,0.045,0.9924,0.82,12.9,8
0.415,0.085,1.0014,0.8,10.0,6
0.37,0.082,0.998,0.51,9.5,5
0.665,0.112,0.997,0.54,9.1,5
0.6,0.063,0.9997,0.57,9.9,5
0.37,0.066,1.0004,0.6,13.0,7
0.735,0.122,0.9994,0.53,9.9,5
0.59,0.087,0.9988,0.65,11.0,6
0.59,0.087,0.9988,0.65,11.0,6
0.765,0.064,0.9963,0.55,9.4,5
0.735,0.122,0.9994,0.53,9.9,5
0.26,0.059,0.9949,0.47,10.8,6
0.48,0.085,1.0,0.61,10.5,6
0.6,0.085,0.9994,0.63,10.5,6
0.69,0.075,0.9974,0.61,9.1,5
0.31,0.059,0.9966,0.76,10.1,6
0.44,0.063,0.9981,0.65,10.8,6
0.39,0.093,0.9996,0.63,10.8,7
0.34,0.174,0.997,0.7,11.3,6
0.46,0.07,0.9981,0.57,9.6,4
0.43,0.08,0.9987,0.62,9.5,6
0.45,0.08,0.9987,0.62,9.5,5
0.735,0.1,0.9966,0.64,9.3,5
0.4,0.097,0.9986,0.82,11.7,7
0.52,0.087,0.9982,0.61,9.5,5
0.725,0.117,1.0014,1.07,9.3,5
0.48,0.111,0.997,0.66,11.7,6
0.58,0.091,0.9956,0.48,10.5,5
0.38,0.121,0.9996,0.76,10.4,6
0.77,0.066,0.9976,0.68,9.9,5
0.56,0.089,0.9972,0.73,11.8,7
0.84,0.059,0.9952,0.56,12.3,7
0.96,0.047,0.9955,0.44,10.9,5
0.24,0.066,0.9978,0.9,11.0,7
0.96,0.047,0.9955,0.44,10.9,5
0.84,0.059,0.9952,0.56,12.3,7
0.67,0.045,0.9949,0.49,11.4,6
0.78,0.077,0.9988,0.56,10.6,6
0.52,0.07,0.9978,0.6,9.3,5
0.84,0.088,0.9997,0.6,10.4,6
0.24,0.066,0.9978,0.9,11.0,7
0.55,0.074,0.9974,0.56,9.2,5
0.37,0.078,0.9958,0.65,12.8,6
0.39,0.091,1.0004,0.49,9.5,5
0.41,0.076,0.9996,0.89,9.9,6
0.39,0.091,1.0004,0.49,9.5,5
0.67,0.06,0.9958,0.56,10.2,6
0.45,0.066,0.9986,0.66,11.2,6
0.41,0.076,0.9996,0.89,9.9,6
0.62,0.062,0.9951,0.6,9.3,5
0.31,0.072,0.9987,0.82,9.8,8
0.4,0.068,0.9988,0.68,11.3,6
0.685,0.1,1.0032,0.68,11.2,7
0.44,0.077,0.9963,0.63,11.6,7
0.57,0.054,0.9934,0.84,12.5,7
0.735,0.079,0.9986,0.56,10.1,6
0.38,0.081,0.9996,0.73,10.5,5
0.48,0.127,0.9968,0.72,11.2,5
0.53,0.1,0.9967,0.56,10.2,6
0.39,0.095,0.9994,0.61,10.8,6
0.39,0.095,0.9994,0.61,10.8,6
0.37,0.413,0.9979,1.06,9.1,6
0.56,0.084,0.9968,0.63,10.0,6
0.33,0.084,0.9998,0.74,11.2,7
0.23,0.063,0.9952,0.63,11.1,5
0.62,0.086,0.9988,0.69,13.4,8
0.59,0.095,0.9986,0.58,10.3,5
0.63,0.097,0.9988,0.58,9.6,5
0.33,0.084,0.9998,0.74,11.2,7
0.58,0.074,1.0008,0.57,9.0,3
0.43,0.083,0.9976,0.61,11.3,6
0.615,0.087,0.9982,0.61,9.3,5
0.26,0.085,0.997,0.61,11.8,5
0.66,0.098,0.9972,0.53,9.0,5
0.315,0.084,0.9987,0.7,9.2,6
0.29,0.098,1.0006,0.91,9.7,5
0.5,0.069,0.9982,0.72,11.5,6
0.46,0.065,0.9947,0.79,14.0,6
0.36,0.09,1.0,0.62,9.2,6
0.82,0.07,0.9952,0.58,9.8,5
0.32,0.093,0.9996,0.61,10.6,5
0.54,0.081,0.997,0.71,11.4,6
0.37,0.083,0.9995,0.82,10.4,6
0.35,0.062,0.9971,0.79,10.6,5
0.28,0.08,0.9982,0.89,9.4,6
0.68,0.087,0.9988,0.6,10.2,5
0.27,0.091,0.998,0.7,9.7,5
0.24,0.075,0.9977,1.06,11.0,6
0.68,0.087,0.9988,0.6,10.2,5
0.685,0.077,0.9984,0.7,10.1,6
0.28,0.069,1.0026,0.66,9.2,5
0.3,0.08,0.9964,0.92,11.7,8
0.36,0.152,0.9986,1.05,9.4,5
0.36,0.152,0.9986,1.06,9.4,5
0.44,0.114,0.997,0.66,13.4,6
0.67,0.054,0.9976,0.47,10.0,5
0.67,0.054,0.9976,0.47,10.0,5
0.645,0.053,0.9982,0.42,10.0,6
0.32,0.081,1.0002,0.92,10.8,7
0.39,0.073,0.9984,0.75,10.2,6
0.775,0.078,0.9984,0.67,10.6,6
0.41,0.055,0.9952,0.79,13.3,7
0.4,0.052,0.995,0.9,13.4,7
0.69,0.086,1.0002,0.74,11.6,6
0.39,0.051,0.9952,0.55,12.1,6
0.35,0.07,0.9972,0.65,11.0,8
0.52,0.081,0.9984,0.65,9.0,6
0.34,0.09,0.9966,0.79,11.1,5
0.35,0.07,0.9972,0.65,11.0,8
0.69,0.086,1.0002,0.74,11.6,6
0.52,0.081,0.9984,0.65,9.0,6
0.44,0.074,0.999,0.85,12.0,7
0.44,0.074,0.999,0.85,12.0,7
0.26,0.078,0.9976,1.04,10.9,7
0.24,0.077,0.9976,1.05,10.8,7
0.49,0.072,0.9968,0.78,12.5,7
0.24,0.075,0.9976,1.02,10.8,7
0.67,0.084,1.0,0.71,9.5,6
0.59,0.09,0.9994,0.63,10.2,6
0.29,0.084,0.9986,0.68,11.4,7
0.42,0.073,0.9978,0.61,9.5,5
0.59,0.09,0.9994,0.63,10.2,6
0.4,0.125,0.998,0.81,9.7,6
0.51,0.107,0.9973,0.66,11.8,7
0.51,0.107,0.9973,0.66,11.8,7
0.655,0.122,1.001,1.14,9.3,5
0.6,0.1,1.001,0.74,11.9,6
0.61,0.2,0.9994,0.63,8.4,3
0.21,0.088,0.9972,0.68,11.7,6
0.365,0.088,0.9966,0.78,11.0,5
0.25,0.088,0.9982,0.9,10.0,6
0.41,0.088,0.998,0.64,9.1,5
0.39,0.099,0.9979,0.99,9.8,5
0.4,0.085,0.9978,0.55,9.4,5
0.43,0.086,0.9976,0.64,9.5,5
0.64,0.105,0.9998,0.67,9.9,5
0.365,0.088,0.9966,0.78,11.0,5
0.38,0.097,0.9962,0.77,11.4,6
0.42,0.084,0.9988,0.75,8.7,6
0.63,0.077,0.9974,0.57,9.4,5
0.22,0.078,0.999,0.87,10.3,6
0.38,0.098,1.0004,0.61,10.3,5
0.38,0.098,1.0004,0.61,10.3,5
0.27,0.072,0.9956,0.66,12.8,6
0.48,0.102,1.0,0.56,10.0,6
0.22,0.078,0.999,0.87,10.3,6
0.63,0.077,0.9974,0.57,9.4,5
0.825,0.084,0.9972,0.77,10.7,6
0.35,0.066,1.0014,0.66,12.0,7
0.5,0.1,0.9996,0.62,11.2,5
0.59,0.101,0.9988,0.67,9.6,5
0.46,0.064,0.9988,0.73,11.0,6
0.715,0.07,0.9966,0.59,9.9,5
0.66,0.085,0.9993,0.72,11.0,6
0.31,0.075,1.0008,0.79,8.4,6
0.47,0.094,0.9982,0.59,9.1,5
0.55,0.078,0.9983,0.78,9.5,6
0.31,0.067,0.9987,0.86,10.7,6
0.35,0.079,0.9994,0.75,10.4,6
0.53,0.171,0.9975,0.61,9.4,6
0.51,0.074,0.9958,0.56,9.5,6
0.43,0.092,0.998,0.73,10.0,6
0.46,0.092,0.998,0.74,10.0,6
1.04,0.05,0.9934,0.62,11.5,5
0.645,0.095,1.00315,0.74,11.1,5
0.645,0.095,1.00315,0.74,11.1,5
0.53,0.118,1.0002,0.56,11.7,6
0.645,0.095,1.00315,0.74,11.1,5
0.53,0.118,1.0002,0.56,11.7,6
0.47,0.085,1.0021,0.68,12.7,6
0.6,0.075,0.9994,0.57,11.4,5
0.44,0.078,0.9978,0.58,9.2,5
0.54,0.094,0.9982,0.61,9.2,5
0.29,0.092,0.9971,0.61,10.1,6
0.47,0.085,1.0021,0.68,12.7,6
0.6,0.075,0.9994,0.57,11.4,5
0.7,0.226,0.9991,0.6,9.0,6
0.7,0.226,0.9991,0.6,9.0,6
0.5,0.25,0.999,0.79,10.7,6
0.36,0.095,0.9946,0.57,11.7,6
0.35,0.07,1.0003,0.91,11.0,6
0.36,0.095,0.9946,0.57,11.7,6
0.24,0.075,0.9978,0.61,10.4,5
0.59,0.07,0.9991,0.56,9.6,4
0.34,0.078,0.9992,0.7,10.0,6
0.27,0.079,0.9993,0.8,10.2,6
0.5,0.103,0.9978,0.52,10.0,4
0.44,0.083,0.9982,0.6,9.5,5
0.47,0.085,0.9982,0.6,9.8,5
0.31,0.063,0.9976,0.51,9.8,6
0.5,0.089,1.0002,0.44,9.6,5
0.5,0.089,1.0002,0.44,9.6,5
0.49,0.083,1.0,0.43,9.2,5
0.28,0.074,0.9976,0.66,9.9,7
0.33,0.093,1.0002,0.76,10.7,7
0.51,0.091,0.998,0.66,9.6,6
0.31,0.094,0.9986,1.02,10.6,7
0.73,0.108,0.9967,0.59,9.3,5
0.42,0.06,0.9917,0.74,14.0,8
0.29,0.059,0.9976,0.74,10.5,7
0.45,0.084,0.9987,0.57,9.7,5
0.39,0.07,0.9922,0.5,11.5,6
0.45,0.084,0.9987,0.57,9.7,5
0.49,0.094,1.0004,0.58,9.0,5
0.72,0.096,0.9978,0.53,9.5,5
0.595,0.086,0.9998,0.57,9.3,5
0.4,0.059,0.9994,0.6,9.3,6
0.58,0.071,0.998,0.63,10.0,6
0.585,0.078,0.9967,0.48,9.8,6
0.59,0.082,1.0,0.7,9.3,6
0.915,0.088,0.9962,0.47,10.0,4
0.46,0.071,1.0006,0.56,9.0,6
0.835,0.081,0.9975,0.52,9.3,5
0.46,0.071,1.0006,0.56,9.0,6
0.58,0.096,0.9984,0.62,9.1,6
0.6,0.085,0.9984,0.59,9.2,6
0.41,0.072,0.9973,0.79,12.2,7
0.48,0.092,0.9982,0.53,10.5,6
0.65,0.11,1.0026,0.64,10.4,6
0.36,0.075,0.9956,0.52,12.7,6
0.24,0.083,0.9983,0.54,9.2,5
0.38,0.081,1.0006,0.54,9.4,5
0.64,0.077,0.9965,0.6,10.0,6
0.39,0.058,0.9962,0.74,9.8,5
0.755,0.148,0.9969,1.36,10.2,6
0.6,0.079,0.9997,0.57,9.7,5
0.6,0.079,0.9997,0.57,9.7,5
0.31,0.079,0.9982,0.93,9.8,6
0.46,0.122,1.0006,0.7,10.2,5
0.37,0.088,0.9988,0.8,9.3,5
0.54,0.076,0.9976,0.61,9.4,5
0.56,0.078,0.9976,0.62,9.4,5
0.58,0.08,0.9974,0.55,9.5,5
0.51,0.077,0.9974,0.96,12.1,6
0.69,0.124,0.9997,0.72,10.2,5
0.69,0.124,0.9997,0.72,10.2,5
0.6,0.098,0.9988,0.49,9.1,5
0.6,0.098,0.9988,0.49,9.1,5
0.54,0.097,0.9976,0.6,9.3,6
0.685,0.111,0.9964,0.61,9.3,5
0.54,0.097,0.9976,0.6,9.3,6
0.28,0.105,0.9988,0.63,9.5,5
0.41,0.087,0.9964,0.57,10.5,6
0.935,0.105,1.001,0.64,11.3,4
0.35,0.073,0.9964,0.58,9.5,5
0.84,0.065,0.9954,0.55,9.7,5
0.88,0.086,0.9979,0.53,9.4,5
0.885,0.084,0.9978,0.53,9.4,5
0.915,0.143,0.9964,0.65,10.2,7
0.29,0.067,0.997,1.36,10.3,6
0.54,0.071,0.9991,0.62,9.4,5
0.59,0.071,0.9992,0.63,9.5,5
0.54,0.071,0.9991,0.62,9.4,5
0.59,0.071,0.9992,0.63,9.5,5
0.54,0.071,0.9991,0.62,9.4,5
0.64,0.115,0.9984,0.69,10.1,7
0.67,0.107,0.9972,0.63,10.1,5
0.845,0.07,0.9967,0.58,11.0,4
0.48,0.066,0.9964,0.67,11.2,7
0.42,0.068,0.9948,0.57,11.3,6
0.43,0.106,0.9986,0.5,9.6,5
0.88,0.104,1.001,0.67,11.2,5
0.36,0.096,0.9976,0.84,14.9,5
0.33,0.079,0.9976,0.54,12.0,6
0.47,0.074,0.9979,0.46,9.5,5
0.55,0.087,1.0004,0.61,9.4,5
0.43,0.106,0.9986,0.5,9.6,5
0.5,0.073,0.998,0.68,10.5,7
0.52,0.074,0.9973,0.81,9.6,6
0.84,0.096,0.997,0.57,11.0,4
0.52,0.074,0.9973,0.81,9.6,6
0.42,0.08,0.9978,0.64,9.0,5
0.57,0.076,0.9972,0.7,9.6,6
0.28,0.05,0.9974,0.79,10.2,6
0.4,0.092,1.0,0.66,10.2,5
0.59,0.084,0.9981,0.56,9.7,5
0.49,0.222,0.998,0.6,9.5,6
0.34,0.082,0.9988,0.66,9.2,6
0.73,0.059,0.9966,0.57,11.0,5
0.34,0.082,0.9988,0.66,9.2,6
0.4,0.083,0.9959,0.58,10.0,5
0.73,0.074,0.9968,0.52,9.5,5
1.24,0.079,0.998,0.53,9.5,5
0.73,0.074,0.9968,0.52,9.5,5
0.4,0.084,0.9984,0.67,9.3,6
0.41,0.064,0.9984,0.65,10.2,5
0.4,0.084,0.9984,0.67,9.3,6
0.8,0.084,0.9979,0.48,9.9,5
0.78,0.081,0.9983,0.53,10.0,5
0.26,0.06,0.9972,0.54,9.6,5
0.43,0.07,1.0004,0.49,9.0,5
0.45,0.094,0.9962,0.49,10.2,6
0.46,0.078,0.998,0.54,9.8,5
0.78,0.059,0.997,0.56,11.3,5
0.98,0.078,0.998,0.48,9.4,5
0.78,0.059,0.997,0.56,11.3,5
0.65,0.07,0.997,0.6,9.1,5
0.64,0.095,0.9998,0.59,9.7,5
0.66,0.039,0.9962,0.47,9.4,5
0.38,0.157,0.9976,1.05,9.4,5
1.185,0.097,0.9966,0.54,10.7,3
0.92,0.087,0.9998,0.54,9.8,5
0.49,0.422,0.9979,1.17,9.0,5
0.48,0.084,0.9984,0.62,9.4,5
0.47,0.084,0.9984,0.61,9.4,5
0.47,0.034,0.9921,0.62,12.8,6
0.65,0.066,0.9972,0.67,9.5,6
0.65,0.066,0.9972,0.67,9.5,6
0.615,0.087,1.0001,0.53,9.7,5
0.38,0.071,0.9986,0.62,10.8,6
1.02,0.076,0.9984,0.57,10.1,6
0.65,0.066,0.9972,0.67,9.5,6
0.64,0.067,0.997,0.67,9.4,6
0.38,0.073,0.9972,0.7,9.6,4
0.765,0.078,0.998,0.54,9.7,4
1.035,0.073,0.999,0.49,9.9,5
0.78,0.093,0.9956,0.47,10.0,5
0.49,0.077,0.9966,0.51,10.5,5
0.545,0.068,0.996,0.61,11.6,6
0.31,0.062,0.9983,0.66,10.0,6
1.025,0.08,0.9985,0.57,10.1,5
0.565,0.093,0.9998,0.61,9.5,5
0.69,0.084,0.9992,0.45,9.4,5
0.43,0.075,0.9976,0.46,9.4,5
0.74,0.078,0.998,0.51,9.8,5
0.49,0.069,0.9967,0.48,9.2,6
0.43,0.075,0.9976,0.46,9.4,5
0.46,0.079,0.9968,0.57,10.0,5
0.56,0.082,0.9976,0.44,9.6,5
0.66,0.086,0.9976,0.54,9.5,5
0.56,0.082,0.9976,0.44,9.6,5
0.48,0.094,0.9982,0.53,9.2,5
0.42,0.084,0.9968,0.59,10.0,5
0.31,0.053,0.9965,1.62,9.5,5
1.115,0.086,0.9958,0.6,11.2,4
0.66,0.077,0.9976,0.55,10.4,5
0.72,0.084,0.9994,0.72,11.1,6
0.57,0.067,0.997,0.68,9.5,5
0.57,0.067,0.997,0.68,9.5,5
0.865,0.071,0.995,0.49,12.7,6
0.55,0.387,0.9982,0.67,9.6,5
0.875,0.088,0.9994,0.52,11.5,5
0.835,0.092,0.9966,0.47,9.6,5
0.45,0.082,0.998,0.6,9.5,5
0.56,0.075,0.9987,0.62,9.3,5
0.965,0.112,0.9963,0.5,9.5,5
0.965,0.112,0.9963,0.5,9.5,5
0.59,0.093,1.0002,0.65,9.3,6
0.46,0.092,0.9983,0.56,9.2,5
0.69,0.088,0.999,0.6,9.3,5
0.76,0.075,0.9965,0.68,11.5,6
0.53,0.078,0.99788,0.57,9.5,5
0.615,0.065,0.9972,0.65,9.2,5
0.41,0.096,1.00024,0.53,10.0,5
0.39,0.095,1.0001,0.51,9.5,5
0.51,0.07,0.99768,0.73,9.5,6
0.34,0.08,0.9978,0.47,9.0,6
0.33,0.083,0.99782,0.48,9.4,5
0.5,0.071,0.99761,0.72,9.6,6
0.51,0.07,0.99768,0.73,9.5,6
0.65,0.089,0.99803,0.55,9.5,5
0.65,0.089,0.99803,0.55,9.5,5
0.54,0.097,0.99785,0.61,9.4,5
0.65,0.089,0.99803,0.55,9.5,5
0.48,0.415,0.99656,1.06,9.1,6
0.91,0.058,0.99525,0.43,10.7,6
0.98,0.057,0.99488,0.46,11.2,6
0.87,0.084,0.99656,0.5,9.8,5
0.87,0.084,0.99656,0.5,9.8,5
0.42,0.092,0.99823,0.52,9.2,5
0.58,0.075,0.99779,0.57,9.7,5
0.655,0.096,0.99738,0.42,9.6,5
0.7,0.069,0.99701,0.53,10.0,6
0.655,0.096,0.99738,0.42,9.6,5
0.68,0.093,0.99888,0.55,9.5,6
0.67,0.091,0.99888,0.54,9.5,6
0.59,0.089,0.99738,0.54,9.4,5
0.6,0.103,0.99938,0.62,9.5,5
0.59,0.082,0.99744,0.53,9.7,6
0.72,0.076,0.99668,0.54,9.6,5
0.59,0.082,0.99744,0.53,9.7,6
0.685,0.082,0.9978,0.55,9.4,5
0.57,0.082,0.99782,0.55,9.4,5
0.4,0.157,0.9973,0.92,9.5,6
0.4,0.157,0.99727,0.91,9.5,6
1.0,0.102,0.99586,0.46,10.0,5
0.765,0.243,0.99612,0.6,10.3,6
0.635,0.241,0.9961,0.59,10.3,6
0.43,0.079,0.99788,0.61,10.5,5
0.52,0.076,0.99745,0.6,9.8,5
0.57,0.19,0.99676,0.6,9.4,6
0.46,0.114,0.99732,0.65,9.8,5
0.82,0.081,0.99814,0.53,10.0,5
0.46,0.114,0.99732,0.65,9.8,5
0.59,0.077,0.99746,0.59,9.8,5
0.35,0.083,0.9982,0.5,9.5,5
0.35,0.083,0.9982,0.5,9.5,5
0.56,0.079,0.9991,0.56,10.1,6
0.56,0.079,0.9991,0.56,10.1,6
0.63,0.099,0.998,0.52,9.3,5
0.37,0.082,0.99708,0.68,9.7,6
0.64,0.084,0.99818,0.54,9.6,5
0.61,0.081,0.99745,0.6,9.7,6
0.6,0.055,0.99639,0.56,10.8,5
0.27,0.065,0.99531,0.53,12.5,6
0.89,0.132,0.99786,1.18,10.2,5
0.46,0.126,0.99746,0.74,9.6,5
0.37,0.038,0.99526,0.81,10.8,7
0.5,0.082,0.9987,0.52,10.7,6
0.5,0.082,0.9987,0.52,10.7,6
0.61,0.082,0.99641,0.51,9.4,5
0.55,0.068,0.99735,0.44,10.0,5
0.585,0.044,0.99264,0.94,12.9,7
0.56,0.114,0.9971,0.66,9.6,6
0.52,0.084,0.99682,0.57,9.9,6
0.28,0.052,0.99356,0.7,12.8,7
0.25,0.041,0.99386,0.71,12.5,7
0.28,0.052,0.99356,0.7,12.8,7
0.53,0.165,0.99702,0.86,9.2,5
0.48,0.07,0.99693,0.55,10.3,6
0.49,0.068,0.99562,0.47,10.5,5
0.5,0.072,1.00012,0.68,10.9,6
0.45,0.099,0.99818,0.71,10.8,5
0.39,0.102,0.99462,0.58,11.4,4
0.41,0.103,0.99939,0.76,11.3,6
0.45,0.099,0.99818,0.71,10.8,5
0.51,0.081,0.9984,0.58,10.5,6
0.29,0.084,0.99545,0.73,11.9,6
0.715,0.071,0.99632,0.45,9.4,5
0.66,0.097,0.99976,0.54,9.6,5
0.685,0.099,0.99606,0.6,9.7,5
0.42,0.048,0.99154,0.74,14.0,7
0.54,0.076,0.9973,0.64,9.8,5
0.54,0.076,0.9973,0.64,9.8,5
0.48,0.068,0.99682,0.53,10.3,5
0.46,0.076,0.99624,0.49,10.7,5
0.27,0.05,0.9951,0.64,11.0,7
0.46,0.076,0.99624,0.49,10.7,5
0.57,0.065,0.99417,0.74,12.7,8
0.61,0.071,0.99376,0.77,11.1,6
0.685,0.058,0.99632,0.55,10.9,4
0.61,0.071,0.99376,0.77,11.1,6
0.44,0.145,0.99832,0.86,9.9,3
0.47,0.147,0.99836,0.86,9.9,4
0.685,0.088,0.99694,0.47,9.4,5
0.665,0.066,0.99655,0.51,9.3,5
0.28,0.012,0.99064,0.39,11.7,7
0.28,0.012,0.99064,0.39,11.7,7
0.31,0.075,0.99672,0.83,11.2,7
0.5,0.092,0.99647,0.47,10.0,5
0.42,0.085,0.99736,0.77,12.1,7
0.66,0.115,0.99629,0.63,10.3,5
0.5,0.119,0.99708,0.72,10.9,6
0.685,0.088,0.9963,0.62,9.4,5
0.25,0.062,0.9959,0.83,10.6,6
0.64,0.081,0.99689,0.66,9.8,5
0.64,0.081,0.99689,0.66,9.8,5
0.68,0.078,0.9977,0.7,9.9,6
0.64,0.081,0.99689,0.66,9.8,5
0.63,0.08,0.99689,0.66,9.8,5
0.43,0.085,0.99708,0.55,9.5,5
0.43,0.085,0.99708,0.55,9.5,5
0.42,0.08,0.99801,1.07,9.7,5
0.36,0.08,0.99652,0.73,10.9,6
0.36,0.08,0.99652,0.73,10.9,6
0.735,0.071,0.99538,0.71,11.7,7
0.36,0.08,0.99652,0.73,10.9,6
0.26,0.073,0.99594,0.78,11.3,7
0.28,0.054,0.99686,0.67,10.6,7
0.56,0.074,0.99438,0.82,11.2,6
0.62,0.077,0.99746,0.54,9.5,5
1.01,0.039,0.99357,0.6,11.5,6
0.42,0.067,0.99628,0.44,10.4,5
0.62,0.078,0.99746,0.53,9.7,5
0.62,0.077,0.99746,0.54,9.5,5
0.635,0.077,0.99748,0.54,9.7,5
0.49,0.071,0.99438,0.83,11.3,6
0.51,0.072,0.99438,0.84,11.2,6
0.56,0.074,0.99438,0.82,11.2,6
0.63,0.08,0.99578,0.64,10.9,6
0.715,0.064,0.99371,0.57,11.8,6
0.56,0.086,0.99522,0.57,10.6,5
0.35,0.067,0.99576,0.54,10.0,4
0.21,0.067,0.99552,0.58,11.1,7
0.38,0.104,0.99664,0.65,11.8,7
0.31,0.109,0.99614,0.79,11.8,7
0.47,0.067,0.99517,0.58,10.9,4
0.715,0.064,0.99371,0.57,11.8,6
0.61,0.094,0.99787,0.5,10.0,6
0.6,0.076,0.99745,0.55,9.5,5
0.56,0.078,0.99576,0.49,9.9,5
0.715,0.068,0.99533,0.65,11.4,6
0.31,0.194,0.99536,0.78,12.0,6
0.6,0.076,0.99745,0.55,9.5,5
0.61,0.094,0.99787,0.5,10.0,6
0.75,0.086,0.99824,0.64,10.5,5
0.8,0.083,0.99836,0.65,10.4,6
0.52,0.066,0.99577,0.79,12.1,7
0.57,0.072,0.99491,0.56,11.2,6
0.9,0.112,1.00289,0.68,9.3,5
0.34,0.071,0.99576,0.58,10.1,5
0.66,0.078,0.99743,0.57,9.7,5
0.45,0.082,0.99774,0.65,9.3,6
0.66,0.078,0.99743,0.57,9.7,5
0.63,0.08,0.99745,0.58,9.8,6
0.59,0.08,0.9955,0.58,10.7,6
0.31,0.078,0.99444,0.77,12.5,7
0.59,0.08,0.9955,0.58,10.7,6
0.31,0.078,0.99444,0.77,12.5,7
1.02,0.084,0.99892,0.49,11.0,3
0.31,0.056,0.99562,0.69,11.8,5
0.635,0.08,0.99736,0.69,10.8,7
0.635,0.08,0.99736,0.69,10.8,7
0.59,0.06,0.9962,0.59,10.8,7
0.59,0.06,0.9962,0.59,10.8,7
0.58,0.081,0.998,0.59,9.5,5
0.54,0.084,0.9964,0.71,11.0,5
0.56,0.079,0.9948,0.54,11.5,6
0.52,0.078,0.99528,0.59,10.8,6
0.305,0.059,0.99331,0.52,11.5,6
0.38,0.132,0.99577,0.57,13.2,6
0.28,0.114,0.99901,0.6,10.9,6
0.46,0.065,0.99674,0.62,12.2,6
0.395,0.094,0.99639,0.64,12.2,7
0.305,0.059,0.99331,0.52,11.5,6
0.315,0.079,0.99512,0.67,11.9,6
0.715,0.161,0.99395,0.61,11.0,5
0.41,0.084,0.99824,0.64,10.1,6
0.36,0.081,0.9964,0.72,11.0,6
0.62,0.072,0.99504,0.89,11.8,6
0.41,0.091,0.99786,0.56,10.5,5
0.36,0.081,0.9964,0.72,11.0,6
0.62,0.072,0.99504,0.89,11.8,6
0.41,0.084,0.99824,0.64,10.1,6
0.47,0.055,0.99516,0.8,11.2,5
0.22,0.064,0.99604,0.87,11.0,7
0.24,0.061,0.99786,0.9,10.2,6
0.67,0.093,0.99736,0.59,9.2,4
0.47,0.055,0.99516,0.8,11.2,5
0.33,0.063,0.99468,0.73,12.0,7
0.61,0.08,0.99746,0.73,10.5,5
0.61,0.074,0.99748,0.65,9.8,5
0.4,0.078,0.9971,0.59,9.5,6
0.61,0.074,0.99748,0.65,9.8,5
0.61,0.08,0.99746,0.73,10.5,5
0.3,0.06,0.99543,0.72,11.8,6
0.3,0.06,0.99543,0.72,11.8,6
0.63,0.071,0.99791,0.6,10.4,4
0.38,0.068,0.99356,0.72,12.9,7
0.46,0.073,0.99425,0.54,11.4,5
0.33,0.074,0.99509,0.76,12.4,7
0.27,0.082,0.99484,0.52,12.5,7
0.43,0.092,0.99834,0.64,10.0,7
0.5,0.094,0.99864,0.6,9.7,7
0.3,0.09,0.99498,0.64,12.1,7
0.44,0.071,0.99566,0.79,11.1,7
0.44,0.092,0.99745,0.99,12.0,7
0.28,0.093,0.99408,0.62,12.4,7
0.12,0.075,0.99552,0.76,11.9,7
0.12,0.075,0.99552,0.76,11.9,7
0.12,0.075,0.99552,0.76,11.9,7
0.28,0.093,0.99408,0.62,12.4,7
0.31,0.058,0.99536,0.68,11.2,7
0.34,0.052,0.99458,0.69,12.1,7
0.43,0.082,0.99538,0.54,12.2,6
0.21,0.09,0.99648,0.67,10.4,5
0.36,0.111,0.99568,0.62,11.3,6
0.37,0.088,0.99613,0.58,11.1,6
0.57,0.12,0.99519,0.71,11.3,7
0.59,0.089,0.99735,0.61,10.0,5
0.47,0.058,0.99518,0.85,11.1,6
0.56,0.078,0.99592,0.62,9.3,5
0.57,0.115,0.99654,0.69,9.5,5
0.27,0.1,0.99546,0.69,11.2,6
0.47,0.058,0.99518,0.85,11.1,6
0.34,0.065,0.99554,0.86,11.0,6
0.38,0.103,0.99604,0.58,11.9,7
0.66,0.097,0.99733,0.48,9.2,5
0.4,0.068,0.9943,0.6,12.2,6
0.56,0.079,0.99669,0.61,10.2,5
0.26,0.066,0.99724,0.87,10.9,6
0.26,0.066,0.99724,0.87,10.9,6
0.38,0.104,0.99643,0.65,11.6,7
0.34,0.079,0.99605,0.63,10.7,5
0.33,0.073,0.99658,0.62,12.1,7
0.41,0.083,0.997,0.52,9.4,5
0.41,0.083,0.997,0.52,9.4,5
0.59,0.109,0.99801,0.5,9.1,5
0.4,0.061,0.99416,0.49,11.3,7
0.45,0.075,0.9969,0.63,10.4,5
0.5,0.065,0.99774,0.71,10.5,6
0.86,0.079,0.99712,0.62,10.0,5
0.52,0.07,0.99418,0.82,12.9,6
0.5,0.065,0.99774,0.71,10.5,6
0.45,0.075,0.9969,0.63,10.4,5
0.58,0.064,0.99562,0.58,11.3,6
0.34,0.066,0.9947,0.55,11.4,7
0.36,0.08,0.99693,0.5,9.4,5
0.39,0.097,0.99596,0.49,9.4,5
0.295,0.073,0.99556,0.51,10.9,6
0.39,0.097,0.99596,0.49,9.4,5
0.34,0.082,0.99694,0.48,9.4,5
0.4,0.076,0.99554,0.48,9.4,6
0.34,0.082,0.99694,0.48,9.4,5
0.35,0.092,0.99918,0.43,9.4,5
0.6,0.079,0.99697,0.62,10.1,6
0.66,0.087,0.99378,0.63,12.8,7
0.66,0.087,0.99378,0.63,12.8,7
0.84,0.05,0.99554,0.48,9.1,6
0.69,0.055,0.99162,0.53,12.9,6
0.43,0.062,0.99495,0.72,11.5,7
0.35,0.058,0.99676,0.82,10.6,7
0.29,0.063,0.99516,0.84,11.7,7
0.36,0.067,0.9928,0.55,12.8,7
0.43,0.081,0.99603,0.54,10.3,5
0.36,0.067,0.9928,0.55,12.8,7
0.29,0.063,0.99516,0.84,11.7,7
0.3,0.064,0.99516,0.84,11.7,7
0.35,0.11,0.99549,0.7,12.0,7
0.5,0.116,0.99722,0.68,10.9,5
0.28,0.067,0.99354,0.55,12.3,7
0.32,0.088,0.9957,0.55,10.4,6
1.005,0.102,0.99604,0.48,10.0,5
0.71,0.092,0.99635,0.58,10.0,6
0.58,0.12,0.99454,0.58,11.2,6
0.39,0.075,0.99598,0.84,11.4,6
0.38,0.068,0.99486,0.75,12.6,7
0.18,0.049,0.99007,0.44,12.7,6
0.18,0.049,0.99007,0.44,12.7,6
0.5,0.078,0.99636,0.61,10.4,5
0.36,0.123,0.99642,0.53,11.9,6
0.36,0.123,0.99642,0.53,11.9,6
0.51,0.062,0.99584,0.54,10.5,5
0.32,0.098,0.99506,0.55,12.3,6
0.58,0.088,0.99568,0.56,10.5,7
0.83,0.095,0.99822,0.6,10.4,6
0.31,0.066,0.99364,0.56,12.6,6
0.795,0.065,0.99378,0.52,11.6,5
0.34,0.075,0.99586,0.54,10.1,6
0.58,0.088,0.99568,0.56,10.5,7
0.59,0.091,0.99488,0.55,11.5,7
0.55,0.093,0.99514,0.58,11.0,7
0.82,0.095,0.99854,0.53,9.6,5
0.57,0.089,0.99592,0.59,10.4,6
0.745,0.077,0.99739,0.47,9.7,6
0.37,0.085,0.99683,0.65,10.6,7
0.31,0.082,0.99356,0.59,12.5,7
0.91,0.074,0.99672,0.56,9.2,5
0.41,0.078,0.9953,0.77,12.6,7
0.5,0.088,0.99692,0.83,11.1,6
0.965,0.088,0.99756,0.67,10.2,5
0.49,0.079,0.99547,0.64,9.8,6
0.5,0.088,0.99692,0.83,11.1,6
0.39,0.069,0.99859,0.81,10.9,7
0.39,0.046,0.99294,0.62,12.2,6
0.44,0.07,0.99438,0.58,11.4,6
0.78,0.076,0.99612,0.62,10.7,6
0.43,0.082,0.99634,0.64,10.4,5
0.49,0.081,0.99702,0.78,10.9,6
0.5,0.084,0.99704,0.77,10.8,6
0.43,0.082,0.99634,0.64,10.4,5
0.46,0.414,0.99702,1.34,9.2,5
0.605,0.073,0.99258,0.55,12.9,5
0.33,0.07,0.99426,0.77,12.7,7
0.64,0.095,0.99747,0.62,9.1,6
0.64,0.095,0.99747,0.62,9.1,6
0.48,0.101,0.99586,0.59,12.1,7
0.42,0.104,0.99784,0.57,9.1,5
0.53,0.093,0.9971,0.76,11.6,7
0.48,0.101,0.99586,0.59,12.1,7
0.23,0.074,0.9981,0.7,9.9,6
0.4,0.071,0.99462,0.69,12.5,8
0.38,0.098,0.9956,0.64,11.4,6
0.29,0.075,0.99565,0.63,11.8,6
0.74,0.067,0.99418,0.57,11.8,6
0.61,0.083,0.9963,0.6,10.2,6
0.52,0.07,0.99358,0.72,12.5,7
0.31,0.06,0.99572,0.83,10.9,7
0.31,0.06,0.99572,0.83,10.9,7
0.62,0.086,0.997,0.62,10.8,5
0.33,0.057,0.99498,0.89,11.1,7
0.77,0.098,0.99892,0.58,9.2,5
0.35,0.083,0.9968,0.58,9.5,6
0.62,0.088,0.9972,0.58,10.7,6
0.77,0.098,0.99892,0.58,9.2,5
0.25,0.071,0.99769,0.86,10.2,7
0.32,0.073,0.99534,0.73,11.4,6
0.37,0.08,0.99817,0.58,11.0,5
0.37,0.08,0.99817,0.58,11.0,5
0.3,0.05,0.99316,0.51,12.3,7
0.27,0.047,0.99471,0.51,11.8,6
0.3,0.05,0.99316,0.51,12.3,7
0.38,0.073,0.99685,0.59,9.5,6
0.42,0.072,0.99617,0.77,12.0,6
0.38,0.073,0.99685,0.59,9.5,6
0.48,0.074,0.99529,0.49,9.6,5
0.34,0.055,0.99738,0.66,11.6,7
0.19,0.057,0.994,0.69,11.2,6
0.41,0.095,0.99735,0.76,9.9,7
0.41,0.095,0.99735,0.76,9.9,7
0.26,0.083,0.99451,0.63,11.8,8
0.34,0.086,0.99546,0.6,11.4,6
0.54,0.081,0.99479,0.59,11.5,6
0.31,0.079,0.99615,0.86,12.0,7
0.725,0.117,0.99655,0.49,10.8,6
0.4,0.087,0.99772,0.5,10.5,5
0.725,0.117,0.99655,0.49,10.8,6
0.52,0.096,0.99666,0.52,9.4,5
0.31,0.216,0.99358,0.81,12.5,7
0.52,0.096,0.99666,0.52,9.4,5
0.34,0.072,0.99392,0.78,12.4,6
0.49,0.071,0.99388,0.63,12.0,6
0.48,0.078,0.99402,0.54,11.2,6
0.49,0.071,0.99388,0.63,12.0,6
0.48,0.073,0.9936,0.66,12.4,6
0.57,0.048,0.99374,0.6,12.8,5
0.23,0.069,0.99376,0.54,12.3,6
0.3,0.068,0.99523,0.85,11.7,7
0.78,0.09,0.99855,0.49,9.5,5
0.47,0.171,0.9982,0.76,10.8,6
0.53,0.07,0.99593,0.64,10.0,6
0.42,0.092,0.99471,0.64,12.3,7
0.33,0.056,0.99396,0.71,11.0,6
0.24,0.074,0.99698,0.59,9.5,6
0.4,0.046,0.9902,0.66,13.6,6
0.69,0.091,0.99572,0.6,11.3,6
0.69,0.091,0.99572,0.6,11.3,6
0.69,0.091,0.99572,0.6,11.3,6
0.39,0.065,0.99252,0.53,13.3,6
0.66,0.066,0.99256,0.58,12.9,5
0.54,0.076,0.99235,0.72,13.1,8
0.5,0.062,0.99352,0.55,12.3,6
0.47,0.055,0.9922,0.48,12.3,6
0.4,0.081,0.99674,0.65,11.2,6
0.58,0.096,0.99557,0.62,11.5,4
0.24,0.055,0.99394,0.59,11.3,7
0.29,0.063,0.9915,0.54,13.5,6
0.76,0.072,0.99379,0.6,11.5,6
0.43,0.095,0.9984,0.68,10.0,5
0.43,0.092,0.99798,0.69,10.5,6
0.6,0.058,0.9977,0.63,10.4,6
0.19,0.045,0.99341,0.44,9.5,5
0.36,0.075,0.9933,0.88,13.6,7
0.48,0.089,0.99684,0.68,11.2,7
0.28,0.061,0.99524,0.74,11.8,7
0.25,0.067,0.9946,0.6,11.9,6
0.52,0.08,0.99774,0.76,11.4,6
0.52,0.08,0.99774,0.76,11.4,6
0.41,0.104,0.99786,0.58,9.1,5
0.51,0.079,0.99764,0.64,9.5,6
0.4,0.08,0.9969,0.65,9.5,6
0.38,0.08,0.99624,0.85,11.0,6
0.45,0.043,0.99354,0.65,11.4,6
0.22,0.065,0.99672,0.82,10.0,6
0.32,0.066,0.99588,0.62,10.1,5
0.2,0.076,0.99672,0.81,10.4,6
0.5,0.178,0.996,0.87,9.8,6
0.41,0.071,0.99702,0.49,11.8,7
0.39,0.086,0.99526,0.66,11.6,6
0.35,0.061,0.99585,0.52,12.0,6
0.33,0.067,0.99473,0.76,12.8,7
0.58,0.044,0.99352,0.65,12.5,6
0.6,0.118,0.99616,0.53,9.8,5
0.42,0.083,0.99622,0.66,11.1,6
0.58,0.1,0.99544,0.68,11.4,6
0.6,0.118,0.99616,0.53,9.8,5
0.18,0.071,0.99524,0.76,11.8,7
0.51,0.042,0.9924,0.87,12.9,7
0.41,0.076,0.99572,1.16,10.6,6
0.41,0.11,0.99728,0.67,10.8,5
0.36,0.087,0.99676,0.72,11.1,7
0.45,0.076,0.99551,0.75,10.2,6
0.32,0.075,0.99434,0.71,11.8,7
0.785,0.078,0.99692,0.67,10.0,5
0.785,0.078,0.99692,0.67,10.0,5
0.44,0.369,0.99634,1.1,9.4,5
0.54,0.111,0.99709,0.98,10.2,5
0.33,0.074,0.99528,0.88,12.4,7
0.34,0.067,0.99384,0.56,12.0,6
0.5,0.086,0.99502,0.62,11.5,6
0.36,0.062,0.99667,0.67,10.5,6
0.59,0.078,0.99522,0.68,10.8,6
0.42,0.074,0.99649,0.74,12.3,6
0.36,0.079,0.99716,0.62,9.5,6
0.36,0.079,0.99716,0.62,9.5,6
0.61,0.095,0.99541,0.7,11.5,6
0.88,0.079,0.99572,0.5,11.2,4
0.66,0.052,0.99318,0.66,12.7,7
0.915,0.041,0.99346,0.73,11.4,5
0.35,0.076,0.99599,0.81,11.0,6
0.35,0.076,0.99599,0.81,11.0,6
0.39,0.068,0.99478,0.46,11.4,5
0.4,0.068,0.99754,0.86,10.5,6
0.66,0.07,0.99572,0.6,9.3,5
0.64,0.08,0.99538,0.7,10.9,5
0.43,0.085,0.99346,0.46,11.9,6
0.8,0.079,0.9963,0.5,12.2,5
0.43,0.085,0.99346,0.46,11.9,6
0.64,0.08,0.99538,0.7,10.9,5
0.955,0.075,0.99616,0.44,9.6,4
0.4,0.08,0.99652,0.57,12.5,6
0.885,0.166,0.99551,0.51,10.8,5
0.25,0.063,0.99439,0.8,12.4,7
0.885,0.166,0.99551,0.51,10.8,5
0.745,0.114,0.99588,0.59,9.5,6
0.43,0.078,0.99633,0.6,9.5,6
0.58,0.076,0.99686,0.58,9.5,6
0.57,0.069,0.99458,0.54,9.8,6
0.26,0.052,0.9951,0.79,10.9,6
0.58,0.076,0.99686,0.58,9.5,6
0.57,0.069,0.99458,0.54,9.8,6
0.34,0.065,0.99419,0.54,11.2,7
0.42,0.068,0.99516,0.69,11.7,8
0.74,0.111,0.99878,0.55,9.4,5
0.36,0.074,0.99534,0.85,11.0,7
0.36,0.074,0.99534,0.85,11.0,7
0.36,0.074,0.99534,0.85,11.0,7
0.72,0.136,0.99752,0.94,10.0,5
0.36,0.074,0.99534,0.85,11.0,7
0.39,0.071,0.99428,0.87,11.2,7
0.65,0.078,0.99498,0.62,10.4,6
0.44,0.076,0.9957,0.62,9.3,5
0.65,0.078,0.99498,0.62,10.4,6
0.38,0.071,0.99659,0.75,10.5,6
0.33,0.081,0.99628,0.48,10.4,6
0.27,0.095,0.99488,0.56,11.3,6
0.57,0.079,0.99677,0.69,9.5,6
0.34,0.057,0.99408,0.81,12.0,6
0.4,0.082,0.996,0.69,10.6,6
0.39,0.044,0.99478,0.83,10.9,6
0.32,0.132,0.99734,0.77,11.5,6
0.32,0.132,0.99734,0.77,11.5,6
0.53,0.078,0.99678,0.46,9.6,6
0.36,0.074,0.99638,0.76,12.0,6
0.39,0.08,0.9992,0.82,10.3,6
0.46,0.091,0.99922,0.51,9.4,5
0.58,0.08,0.99592,0.47,9.2,5
0.58,0.104,0.99769,0.72,9.6,5
0.42,0.044,0.99157,0.73,13.6,7
0.43,0.075,0.99718,0.64,9.5,5
0.18,0.066,0.9947,0.78,11.8,6
0.815,0.074,0.99621,0.62,10.8,5
0.43,0.075,0.99718,0.64,9.5,5
0.23,0.057,0.99614,0.49,9.3,4
0.75,0.059,0.99242,0.4,12.8,6
0.33,0.054,0.99572,0.56,11.5,4
0.55,0.07,0.99659,0.64,9.4,6
0.75,0.059,0.99242,0.4,12.8,6
0.73,0.081,0.99798,0.46,9.6,4
0.67,0.057,0.99488,0.56,11.8,4
0.61,0.076,0.99494,0.4,9.3,5
0.37,0.079,0.99729,0.59,9.8,5
0.4,0.058,0.99414,0.6,12.2,6
0.56,0.082,0.9983,0.62,9.5,5
0.29,0.067,0.99721,0.54,10.3,6
0.55,0.082,0.99655,0.68,10.5,5
0.74,0.086,0.99502,0.48,10.0,5
0.55,0.082,0.99655,0.68,10.5,5
0.41,0.081,0.9949,0.75,11.1,6
0.6,0.079,0.99514,0.61,10.9,6
0.6,0.079,0.99514,0.61,10.9,6
0.58,0.077,0.9963,0.59,9.8,5
0.72,0.123,0.99627,0.58,9.8,5
0.66,0.096,0.99569,0.58,9.5,5
0.7,0.079,0.99628,0.69,10.9,5
0.64,0.069,0.99358,0.45,11.0,5
0.59,0.082,0.99499,0.42,9.2,5
0.58,0.085,0.99633,0.7,11.0,6
0.64,0.123,0.99538,0.63,11.3,6
0.64,0.123,0.99538,0.63,11.3,6
0.635,0.403,0.99632,1.15,9.3,5
1.02,0.083,0.99437,0.55,11.2,4
0.45,0.081,0.99726,0.58,9.8,5
0.78,0.089,0.9978,0.46,9.6,4
0.37,0.066,0.99456,0.72,11.8,6
0.57,0.081,0.99564,0.6,10.3,6
0.57,0.081,0.99564,0.6,10.3,6
0.43,0.068,0.996,0.87,11.4,6
0.41,0.079,0.99668,0.55,9.5,6
0.49,0.044,0.9908,0.82,14.0,8
0.38,0.048,0.99084,0.75,14.0,6
0.44,0.049,0.9935,0.57,11.7,6
0.46,0.077,0.99385,0.53,11.2,5
0.58,0.073,0.99494,0.43,9.3,5
0.58,0.102,0.9944,0.53,11.2,6
0.715,0.075,0.99688,0.54,9.5,6
0.4,0.05,0.99566,0.56,12.0,4
0.69,0.114,0.99636,0.6,9.7,6
0.715,0.075,0.99688,0.54,9.5,6
0.3,0.062,0.9948,0.57,11.5,7
0.46,0.077,0.9956,0.64,10.4,6
0.46,0.077,0.9956,0.64,10.4,6
0.765,0.084,0.99619,0.68,10.9,6
0.63,0.096,0.99734,0.63,10.2,6
0.42,0.071,0.99476,0.56,10.9,5
0.37,0.09,0.99734,0.57,10.5,5
0.16,0.068,0.99328,0.54,12.4,6
0.6,0.056,0.99286,0.37,13.0,5
0.6,0.068,0.99914,1.17,10.2,5
0.6,0.068,0.99914,1.17,10.2,5
0.74,0.1,0.99521,0.59,11.0,5
0.635,0.073,0.99638,0.75,10.9,6
0.395,0.056,0.99362,0.67,12.4,6
0.755,0.084,0.99672,0.49,9.7,4
0.635,0.073,0.99638,0.75,10.9,6
0.63,0.093,0.99558,0.45,9.5,5
0.63,0.093,0.99558,0.45,9.5,5
0.53,0.064,0.99323,0.61,12.1,6
0.6,0.063,0.99191,0.56,12.2,6
1.58,0.137,0.99476,0.4,10.9,3
0.645,0.08,0.99444,0.61,12.5,6
0.86,0.1,0.99598,0.74,11.7,6
0.37,0.064,0.99576,0.8,11.2,6
0.28,0.081,0.99501,0.66,11.2,5
0.79,0.087,0.9955,0.44,9.2,5
0.61,0.073,0.99612,0.53,9.8,5
0.69,0.088,0.9979,0.62,10.1,5
0.68,0.068,0.99524,0.52,11.1,4
0.69,0.088,0.9979,0.62,10.1,5
0.62,0.071,0.996,0.61,9.2,5
0.61,0.073,0.99612,0.53,9.8,5
0.51,0.064,0.9929,0.59,12.8,6
1.18,0.083,0.99532,0.47,10.5,5
0.36,0.086,0.99558,0.54,10.1,6
0.36,0.086,0.99556,0.53,10.1,6
0.63,0.083,0.99616,0.58,9.8,6
0.74,0.041,0.99258,0.59,12.5,6
0.44,0.091,0.99638,0.69,11.9,6
0.63,0.083,0.99616,0.58,9.8,6
0.76,0.414,0.99652,1.33,9.1,6
0.66,0.094,0.99796,0.66,10.1,5
0.74,0.041,0.99258,0.59,12.5,6
0.34,0.058,0.99392,0.55,11.4,5
0.36,0.06,0.99495,0.82,11.0,7
0.46,0.077,0.9948,0.6,10.6,6
0.46,0.077,0.9948,0.6,10.6,6
0.46,0.077,0.9948,0.6,10.6,6
0.46,0.077,0.9948,0.6,10.6,6
0.52,0.073,0.9955,0.52,9.3,5
0.6,0.083,0.99616,0.56,9.8,6
0.6,0.083,0.99616,0.56,9.8,6
0.87,0.107,0.99668,0.46,9.2,5
0.39,0.075,0.99581,0.43,9.7,6
0.775,0.079,0.9976,0.51,9.6,5
0.835,0.166,0.99608,0.52,10.0,5
0.58,0.069,0.99387,0.66,12.6,6
0.5,0.057,0.99448,0.45,9.5,5
0.5,0.057,0.99448,0.45,9.5,5
0.5,0.057,0.99448,0.45,9.5,5
0.51,0.084,0.99538,0.54,10.5,6
0.51,0.084,0.99538,0.54,10.5,6
0.51,0.084,0.99538,0.54,10.5,6
0.54,0.085,0.99589,0.51,10.4,6
0.51,0.084,0.99538,0.54,10.5,6
0.42,0.077,0.99852,0.53,11.0,5
0.44,0.063,0.99613,0.53,10.2,6
0.59,0.056,0.99472,0.56,11.4,5
0.655,0.078,0.99587,0.39,9.5,5
0.655,0.078,0.99587,0.39,9.5,5
0.57,0.081,0.99518,0.52,10.8,5
0.6,0.069,0.99654,0.57,10.0,5
0.62,0.065,0.99332,0.51,11.8,6
0.645,0.086,0.9969,0.46,10.3,5
0.645,0.086,0.9969,0.46,10.3,5
0.58,0.077,0.99568,0.52,10.0,5
0.32,0.086,0.99464,0.44,10.1,5
0.34,0.084,0.99464,0.44,10.1,5
0.43,0.078,0.99648,0.59,11.1,6
0.64,0.168,0.99736,0.5,9.5,5
0.475,0.091,0.99704,0.65,10.0333333333333,6
0.54,0.112,0.99699,0.56,10.9,5
0.85,0.093,0.99724,0.54,10.1,5
0.475,0.091,0.99704,0.65,10.0333333333333,6
0.83,0.08,0.99652,0.48,9.8,4
0.605,0.096,0.995,0.53,11.8,6
0.5,0.115,0.9971,0.62,9.5,5
0.74,0.094,0.99576,0.5,9.8,5
0.54,0.088,0.99725,1.18,10.5,6
0.77,0.079,0.99656,0.5,9.8,6
0.61,0.069,0.99396,0.37,10.4,4
0.78,0.415,0.99623,1.17,9.2,5
0.58,0.153,0.99476,1.03,11.6,6
0.78,0.415,0.99623,1.17,9.2,5
0.75,0.11,0.99664,0.45,9.3,5
0.815,0.267,0.99471,0.51,9.8,3
0.56,0.083,0.99586,0.52,9.9,5
0.885,0.086,0.9946,0.46,10.0,5
0.49,0.09,0.9953,0.62,12.2,6
0.45,0.078,0.99609,0.51,9.9,6
0.57,0.077,0.99557,0.62,10.8,6
0.57,0.077,0.99557,0.62,10.8,6
0.83,0.074,0.99534,0.45,9.6,5
0.6,0.08,0.99613,0.49,9.9,5
0.6,0.08,0.99613,0.49,9.9,5
0.755,0.107,0.99593,0.5,9.5,5
0.81,0.076,0.99668,0.42,9.2,5
0.64,0.1,0.9961,0.58,9.6,5
0.64,0.1,0.9961,0.58,9.6,5
0.64,0.083,0.99718,0.68,10.3,5
0.48,0.08,0.99524,0.53,9.7,5
0.49,0.068,0.99292,0.59,12.5,6
0.64,0.094,0.99612,0.58,11.0,5
0.62,0.07,0.9942,0.48,9.8,5
0.52,0.078,0.99612,0.48,10.2,5
0.57,0.07,0.99669,0.48,9.2,5
0.685,0.092,0.99745,0.65,9.55,6
0.675,0.09,0.99745,0.65,9.55,5
0.59,0.08,0.99584,0.52,9.9,5
0.6,0.083,0.9966,0.62,10.2,7
0.67,0.068,0.9956,0.72,11.1,6
0.69,0.08,0.9962,0.51,9.9,5
0.69,0.08,0.9962,0.51,9.9,5
0.3,0.052,0.9963,0.82,11.9,6
0.33,0.061,0.996,1.1,10.0,8
0.5,0.082,0.9985,0.62,10.7,6
0.28,0.062,0.9952,0.9,11.3,7
0.24,0.062,0.9974,0.94,10.9,6
0.51,0.064,0.995,0.93,10.7,6
0.29,0.048,0.995,1.01,12.4,7
0.51,0.064,0.995,0.93,10.7,6
0.96,0.082,0.9936,0.44,11.9,6
0.47,0.071,0.9963,0.73,10.6,6
0.24,0.062,0.9974,0.94,10.9,6
0.57,0.104,0.9963,0.9,10.1,5
0.32,0.077,0.9994,0.78,9.6,5
0.58,0.065,0.9966,0.84,9.4,5
0.32,0.077,0.9994,0.78,9.6,5
0.34,0.064,0.9952,0.77,12.1,7
0.53,0.077,0.995,0.46,9.8,5
0.64,0.077,0.9956,0.45,9.9,5
0.53,0.077,0.995,0.46,9.8,5
0.4,0.079,0.9965,0.58,9.4,5
0.54,0.079,0.9956,0.84,11.4,6
0.53,0.123,0.9968,0.67,11.0,4
0.26,0.076,0.9974,0.7,9.6,6
0.26,0.076,0.9974,0.7,9.6,6
0.23,0.046,0.9971,0.71,12.1,6
0.41,0.078,0.9957,0.58,11.2,5
0.64,0.072,0.9962,0.63,11.0,5
0.18,0.049,0.996,0.93,11.3,5
0.41,0.066,0.9956,0.62,10.4,5
0.43,0.069,0.9958,0.54,9.9,6
0.44,0.042,0.9944,0.85,11.7,6
0.4,0.069,0.9955,0.74,10.1,7
0.54,0.214,1.00369,0.77,9.0,6
0.54,0.214,1.00369,0.77,9.0,6
0.38,0.169,0.99914,0.65,8.5,5
0.915,0.07,0.99577,0.54,11.1,5
0.59,0.052,0.996,0.47,10.3,5
0.67,0.072,0.99566,0.68,11.0666666666667,6
0.37,0.062,0.9947,0.73,11.3,7
0.785,0.094,0.99713,0.52,9.56666666666667,6
0.63,0.078,0.99712,0.75,9.8,5
0.58,0.058,0.99322,0.49,11.7,5
0.67,0.072,0.99566,0.68,11.1,6
0.785,0.094,0.99713,0.52,9.6,6
0.63,0.078,0.99712,0.75,9.8,5
0.67,0.08,0.99701,0.74,9.7,5
0.58,0.08,0.99683,0.73,9.7,5
0.38,0.056,0.99472,0.76,11.3,8
0.37,0.062,0.9947,0.73,11.3,7
0.32,0.104,0.99732,0.78,11.0,7
0.58,0.062,0.99374,0.76,11.6,7
0.49,0.074,0.99706,0.58,9.0,5
0.45,0.073,0.99974,0.69,10.9,6
0.9,0.052,0.99467,0.63,10.9,6
0.54,0.05,0.99236,0.5,10.55,6
0.49,0.074,0.99706,0.58,9.0,5
0.29,0.067,0.99603,0.6,10.5,5
0.2,0.054,0.99458,0.8,11.9,7
0.42,0.054,0.99724,0.68,10.4,6
0.785,0.06,0.99664,0.61,10.0,4
0.64,0.075,0.99545,0.58,10.4,6
0.63,0.076,0.99522,0.53,10.8,6
0.59,0.063,0.9958,0.67,9.7,5
0.59,0.063,0.9958,0.67,9.7,5
0.48,0.062,0.99728,0.65,10.0,7
1.04,0.067,0.99648,0.57,11.0,4
0.48,0.062,0.99728,0.65,10.0,7
0.98,0.061,0.99705,0.55,9.7,3
0.69,0.084,0.99578,0.47,9.7,5
0.7,0.067,0.99334,0.52,12.6,5
0.35,0.073,0.99656,0.79,11.1,6
0.6,0.071,0.99336,0.54,11.0,5
0.5,0.205,1.00242,0.75,8.8,5
0.47,0.048,0.99182,0.88,13.5666666666667,7
0.5,0.205,1.00242,0.75,8.8,5
0.47,0.048,0.99182,0.88,13.6,7
0.875,0.082,0.99808,0.52,10.2,3
0.28,0.104,0.99828,0.68,10.6,5
0.62,0.08,0.99498,0.62,10.1,4
0.28,0.104,0.99828,0.68,10.6,5
0.58,0.114,0.99719,0.57,10.3,4
0.33,0.042,0.99542,0.61,10.7,5
0.91,0.06,0.99592,0.64,10.9,4
0.655,0.074,0.99606,0.55,9.7,5
0.68,0.07,0.99546,0.6,10.3,5
0.64,0.066,0.99496,0.78,10.6,5
0.54,0.049,0.9942,0.58,11.4,5
0.57,0.048,0.99448,0.76,10.8,6
0.22,0.039,0.99344,0.56,12.4,6
0.54,0.049,0.9942,0.58,11.4,5
0.65,0.05,0.99348,0.54,11.95,5
0.54,0.089,0.99636,0.59,9.7,5
0.31,0.066,0.99459,0.7,10.0,7
0.43,0.08,0.99492,0.81,10.6,6
0.54,0.089,0.99636,0.59,9.7,5
0.74,0.054,0.99508,0.63,11.5,6
0.895,0.068,0.99582,0.58,10.8,6
0.74,0.054,0.99508,0.63,11.5,6
0.725,0.076,0.99508,0.53,9.6,5
0.82,0.083,0.99642,0.53,9.4,5
0.585,0.078,0.99638,0.54,9.8,5
0.44,0.077,0.99555,0.69,11.0,6
0.38,0.106,0.99605,0.55,11.4,6
0.76,0.078,0.996,0.63,9.95,3
0.81,0.07,0.99562,0.66,10.8,6
0.38,0.106,0.99605,0.55,11.4,6
0.27,0.074,0.99814,0.72,10.6,6
0.18,0.062,0.9941,0.7,11.1,5
0.36,0.047,0.99661,0.77,9.7,6
0.69,0.068,0.99712,0.67,9.8,5
0.79,0.061,0.99588,0.65,10.4,6
0.56,0.078,0.99294,0.6,10.5,6
0.84,0.074,0.99842,0.72,9.23333333333333,6
0.84,0.074,0.99842,0.72,9.25,6
0.32,0.071,0.99633,0.97,10.6,5
0.53,0.063,0.99489,0.83,10.3,6
0.47,0.114,0.99647,0.63,10.5,5
0.7,0.106,0.99665,0.58,10.2,5
0.53,0.063,0.99489,0.83,10.3,6
0.48,0.082,0.99585,0.43,9.05,4
0.32,0.071,0.99633,0.97,10.6,5
0.48,0.076,0.9953,0.6,10.4,5
0.42,0.075,0.99522,0.78,10.0,6
0.48,0.064,0.99552,0.64,9.7,5
0.47,0.064,0.99553,0.65,9.6,6
0.53,0.071,0.9951,0.66,10.8,6
0.29,0.096,0.99714,0.67,10.1,6
0.69,0.063,0.99608,0.6,10.2,6
0.44,0.063,0.99444,0.69,11.3,6
0.705,0.081,0.99631,0.66,10.2,5
0.53,0.058,0.99573,0.68,9.9,6
0.39,0.074,0.99717,0.61,9.0,5
0.56,0.064,0.99397,0.62,11.7,7
0.55,0.075,0.9959,0.59,9.7,6
0.53,0.077,0.99528,0.68,10.3,6
0.58,0.059,0.99484,0.64,10.2,6
0.64,0.081,0.99538,0.63,12.0,5
0.39,0.065,0.99714,0.78,9.9,5
0.52,0.071,0.99646,0.63,11.6,6
0.25,0.054,0.99666,0.76,10.9,7
0.855,0.064,0.99472,0.56,10.75,6
0.44,0.064,0.99758,0.57,10.4,6
0.37,0.063,0.9955,0.81,11.2,7
0.63,0.059,0.99531,0.64,10.1,6
0.57,0.072,0.99575,0.61,10.2,5
0.6,0.048,0.99306,0.51,12.1,5
0.4,0.099,0.99783,0.58,10.4,5
0.36,0.074,0.99419,0.7,11.4,8
0.68,0.087,0.99783,0.53,9.5,5
0.67,0.083,0.99768,0.54,9.4,5
0.68,0.103,0.99586,0.66,11.3,6
0.735,0.08,0.99765,0.6,9.4,5
0.855,0.062,0.99627,0.6,11.0,6
0.56,0.065,0.99514,0.68,10.55,7
0.88,0.066,0.99636,0.56,9.9,5
0.855,0.062,0.99627,0.6,11.0,6
0.63,0.235,0.99787,0.56,9.5,5
0.6,0.08,0.99622,0.52,9.9,5
0.6,0.08,0.99622,0.52,9.9,5
0.6,0.08,0.99622,0.52,9.9,5
0.695,0.076,0.99546,0.54,10.1,5
0.695,0.076,0.99546,0.54,10.1,5
0.695,0.076,0.99546,0.54,10.1,5
0.67,0.061,0.99489,0.82,10.9,6
0.16,0.059,0.99494,0.71,11.2,6
0.695,0.076,0.99546,0.54,10.1,5
0.56,0.077,0.99629,0.59,9.2,5
0.51,0.056,0.99396,0.57,11.5,6
0.36,0.23,0.9934,0.93,12.4,6
0.38,0.038,0.99514,0.65,11.1,6
0.69,0.069,0.99632,0.51,9.5,5
0.58,0.075,0.99467,0.67,12.5,6
0.31,0.074,0.99677,0.48,10.5,6
0.52,0.06,0.99474,0.64,11.8,6
0.3,0.081,0.99588,0.78,10.8,6
0.7,0.076,0.99622,0.6,11.9,6
0.67,0.118,0.9954,0.67,11.3,6
0.56,0.053,0.99402,0.6,11.3,5
0.35,0.068,0.9947,0.6,11.9,6
0.56,0.053,0.99402,0.6,11.3,5
0.715,0.053,0.99362,0.5,11.9,5
0.46,0.074,0.99578,0.62,9.8,5
0.32,0.061,0.99484,0.8,11.6,7
0.39,0.066,0.99494,0.84,11.5,6
0.31,0.065,0.99492,0.85,11.4,6
0.61,0.066,0.99483,0.66,10.9,6
0.66,0.068,0.99414,0.78,12.8,6
0.725,0.073,0.9977,0.54,9.2,5
0.55,0.077,0.99314,0.82,11.6,6
0.74,0.089,0.99402,0.56,11.6,6
0.51,0.076,0.99574,0.75,11.0,6
0.62,0.068,0.99651,0.82,9.5,6
0.6,0.09,0.9949,0.58,10.5,5
0.55,0.062,0.99512,0.76,11.2,6
0.51,0.076,0.99574,0.75,11.0,6
0.645,0.075,0.99547,0.71,10.2,5
0.31,0.067,0.99549,0.66,11.0,6
